592.049,3.45372
593.977,0.294172
595.906,0.270034
597.834,-0.259635
599.763,-0.236337
601.691,3.47343
603.62,3.47735
605.548,0.395817
607.477,-0.235103
609.405,-0.382042
611.334,-0.329333
613.262,-0.144953
615.191,0.0838695
617.119,0.452731
619.048,0.605116
620.976,0.189666
622.905,0.0359147
624.833,0.301335
626.762,0.174028
628.69,-0.147274
630.619,-0.0990913
632.547,0.0555682
634.476,0.227545
636.404,0.26105
638.333,0.222847
640.261,0.148495
642.19,0.0791745
644.118,0.0390859
646.047,0.0759852
647.975,-0.0349529
649.904,0.000464201
651.832,0.116954
653.761,0.339067
655.689,0.388143
657.618,0.378395
659.546,0.475727
661.474,0.678031
663.403,0.272119
665.331,0.218431
667.26,0.149928
669.188,0.033278
671.117,0.217624
673.045,0.337013
674.974,0.259247
676.903,0.227586
678.831,0.166921
680.76,0.198448
682.688,0.176378
684.617,0.16098
686.545,0.509879
688.474,1.24344
690.402,0.498226
692.331,0.399612
694.259,0.700563
696.188,0.530831
698.116,0.30854
700.044,0.195415
701.973,0.21421
703.901,0.0998621
705.83,0.00656652
707.758,0.130001
709.687,0.200734
711.615,0.181345
713.544,0.180099
715.472,0.178276
717.401,0.162361
719.33,0.210099
721.258,0.245426
723.187,0.338904
725.115,0.304549
727.044,0.193031
728.972,0.210806
730.901,0.452262
732.829,0.393852
734.757,0.286738
736.686,0.356567
738.614,0.370056
740.543,0.299955
742.471,0.247684
744.4,0.271751
746.328,0.392253
748.257,0.471233
750.185,0.395559
752.114,0.402822
754.042,0.49779
755.971,0.349159
757.899,0.2514
759.828,0.372522
761.756,0.489162
763.685,0.388669
765.613,0.332924
767.542,0.248576
769.47,0.193072
771.399,0.242703
773.327,0.307364
775.256,0.221762
777.184,0.198593
779.113,0.318451
781.041,0.357664
782.97,0.28408
784.898,0.307267
786.827,0.330373
788.755,0.219051
790.684,0.133933
792.612,0.145921
794.541,0.182
796.469,0.174648
798.398,0.149719
800.326,0.133786
802.255,0.0899444
804.183,0.0789549
806.112,0.0611534
808.04,0.0544801
809.969,0.0633607
811.897,0.0544887
813.826,0.0744252
815.754,0.0650463
817.683,0.0395832
819.611,0.0364535
821.54,0.0508454
823.468,0.030566
825.397,0.011848
827.325,0.0177507
829.254,0.0516605
831.182,0.0542893
833.111,0.0522082
835.039,0.0935357
836.968,0.0824866
838.896,0.0495145
840.825,0.0385251
842.753,0.049175
844.682,0.0476279
846.61,0.0244505
848.539,0.0141947
850.467,0.0283968
852.396,0.0243406
854.324,0.011554
856.253,-0.0157399
858.181,-0.0151978
860.11,-0.0229781
862.038,-0.028538
863.967,-0.0172961
865.895,-0.0167906
867.824,-0.027539
869.752,-0.0272279
871.681,-0.00468659
873.609,0.00437927
875.538,0.0212913
877.466,0.0440814
879.395,0.0661745
881.323,0.0993273
883.252,0.117284
885.18,0.183608
887.109,0.264625
889.037,0.314095
890.966,0.34383
892.894,0.348862
894.823,0.339883
896.751,0.312156
898.68,0.237671
900.608,0.174936
902.537,0.132314
904.465,0.103774
906.394,0.0909309
908.322,0.0808458
910.251,0.0478976
912.179,0.0320873
914.108,0.0361753
916.036,0.031821
917.965,0.0179762
919.893,0.00482893
921.822,0.0164828
923.75,0.0420839
925.679,0.0569658
927.607,0.061636
929.536,0.0539039
931.464,0.0666865
933.393,0.0676628
935.321,0.0632135
937.25,0.0771129
939.178,0.0839046
941.107,0.0752293
943.035,0.0830925
944.964,0.0862583
946.892,0.0921448
948.821,0.101976
950.749,0.104849
952.678,0.111915
954.606,0.128657
956.535,0.143398
958.463,0.147927
960.392,0.156857
962.32,0.178057
964.249,0.207252
966.177,0.228198
968.106,0.246893
970.034,0.280229
971.963,0.33166
973.891,0.344783
975.82,0.341206
977.748,0.335852
979.677,0.338088
981.605,0.363736
983.534,0.413767
985.462,0.490012
987.391,0.536946
989.319,0.614015
991.248,0.606161
993.176,0.595527
995.105,0.618258
997.033,0.628611
998.961,0.59339
1000.89,0.546606
1002.82,0.506213
1004.75,0.504955
1006.68,0.490303
1008.6,0.471381
1010.53,0.489379
1012.46,0.515441
1014.39,0.542336
1016.32,0.58103
1018.25,0.573325
1020.17,0.531507
1022.1,0.528502
1024.03,0.576041
1025.96,0.615174
1027.89,0.62055
1029.82,0.626061
1031.75,0.631513
1033.68,0.624805
1035.6,0.636727
1037.53,0.613092
1039.46,0.610734
1041.39,0.629735
1043.32,0.634166
1045.24,0.662791
1047.17,0.67244
1049.1,0.674965
1051.03,0.71758
1052.96,0.732934
1054.89,0.703276
1056.82,0.709174
1058.74,0.750942
1060.67,0.758788
1062.6,0.712647
1064.53,0.701276
1066.46,0.713859
1068.39,0.797312
1070.32,0.877774
1072.24,0.851901
1074.17,0.810716
1076.1,0.750004
1078.03,0.740391
1079.96,0.798369
1081.89,0.800314
1083.81,0.779694
1085.74,0.828772
1087.67,0.854754
1089.6,0.891591
1091.53,0.941751
1093.46,0.957175
1095.39,0.928008
1097.31,0.951444
1099.24,0.905936
1101.17,0.927191
1103.1,0.964257
1105.03,0.973742
1106.96,1.04307
1108.89,1.10876
1110.81,1.04977
1112.74,1.03391
1114.67,1.00048
1116.6,0.982114
1118.53,0.983872
1120.46,0.976315
1122.39,0.931174
1124.31,0.991743
1126.24,1.00555
1128.17,1.01664
1130.1,1.05266
1132.03,1.04829
1133.96,0.996354
1135.89,0.883906
1137.81,0.820974
1139.74,0.880263
1141.67,0.928088
1143.6,0.928503
1145.53,0.907397
1147.46,0.877427
1149.38,0.863818
1151.31,0.84075
1153.24,0.90636
1155.17,1.00382
1157.1,0.984991
1159.03,0.923451
1160.95,0.922819
1162.88,0.972206
1164.81,1.02927
1166.74,1.00339
1168.67,0.983575
1170.6,1.07226
1172.53,1.12494
1174.45,1.07407
1176.38,0.963567
1178.31,0.897569
1180.24,0.846162
1182.17,0.786497
1184.1,0.751486
1186.03,0.781033
1187.95,0.825716
1189.88,0.823431
1191.81,0.795962
1193.74,0.799334
1195.67,0.811499
1197.6,0.813571
1199.53,0.834288
1201.45,0.870441
1203.38,0.88169
1205.31,0.866061
1207.24,0.820632
1209.17,0.797901
1211.1,0.755766
1213.03,0.741092
1214.95,0.765871
1216.88,0.799531
1218.81,0.814642
1220.74,0.800779
1222.67,0.804628
1224.6,0.799109
1226.52,0.746971
1228.45,0.697052
1230.38,0.644738
1232.31,0.603159
1234.24,0.60661
1236.17,0.618685
1238.09,0.627634
1240.02,0.636067
1241.95,0.631847
1243.88,0.64808
1245.81,0.679562
1247.74,0.723811
1249.67,0.760974
1251.59,0.790626
1253.52,0.804492
1255.45,0.815775
1257.38,0.878105
1259.31,0.948576
1261.24,0.957678
1263.17,0.942075
1265.09,0.935902
1267.02,0.928702
1268.95,0.902463
1270.88,0.857605
1272.81,0.839765
1274.74,0.831828
1276.67,0.833165
1278.59,0.878981
1280.52,0.9391
1282.45,0.937742
1284.38,0.930052
1286.31,0.931679
1288.24,0.939425
1290.17,0.898766
1292.09,0.849995
1294.02,0.827199
1295.95,0.801908
1297.88,0.814837
1299.81,0.861959
1301.74,0.868719
1303.66,0.854224
1305.59,0.86669
1307.52,0.91334
1309.45,0.962888
1311.38,0.939949
1313.31,0.871033
1315.23,0.833581
1317.16,0.829596
1319.09,0.859405
1321.02,0.864511
1322.95,0.87921
1324.88,0.874199
1326.81,0.859485
1328.73,0.872932
1330.66,0.891604
1332.59,0.902056
1334.52,0.891958
1336.45,0.912195
1338.38,0.943092
1340.31,0.958474
1342.23,0.951791
1344.16,0.915863
1346.09,0.910992
1348.02,0.923775
1349.95,0.918844
1351.88,0.932625
1353.81,0.944791
1355.73,0.961307
1357.66,0.950231
1359.59,0.979361
1361.52,0.9957
1363.45,1.00187
1365.38,0.990215
1367.31,0.917398
1369.23,0.85573
1371.16,0.830962
1373.09,0.830331
1375.02,0.839955
1376.95,0.818779
1378.88,0.811536
1380.8,0.795886
1382.73,0.818376
1384.66,0.84087
1386.59,0.830989
1388.52,0.792578
1390.45,0.76621
1392.38,0.791288
1394.3,0.833722
1396.23,0.82505
1398.16,0.815256
1400.09,0.824804
1402.02,0.860777
1403.95,0.87263
1405.88,0.88618
1407.8,0.929078
1409.73,0.954391
1411.66,0.943459
1413.59,0.915734
1415.52,0.885992
1417.44,0.892601
1419.37,0.945247
1421.3,0.986884
1423.23,1.00779
1425.16,1.01314
1427.09,0.999575
1429.02,1.03622
1430.94,1.06869
1432.87,1.03797
1434.8,0.978663
1436.73,0.913323
1438.66,0.898323
1440.59,0.924953
1442.52,0.921522
1444.44,0.879868
1446.37,0.856815
1448.3,0.885038
1450.23,0.88805
1452.16,0.880543
1454.09,0.881607
1456.02,0.890546
1457.94,0.824574
1459.87,0.775105
1461.8,0.754048
1463.73,0.759317
1465.66,0.76549
1467.59,0.744379
1469.52,0.735677
1471.44,0.780092
1473.37,0.828262
1475.3,0.816461
1477.23,0.841846
1479.16,0.854464
1481.09,0.864339
1483.01,0.883644
1484.94,0.882746
1486.87,0.887833
1488.8,0.870515
1490.73,0.854058
1492.66,0.839199
1494.58,0.814551
1496.51,0.765617
1498.44,0.705968
1500.37,0.670599
1502.3,0.650746
1504.23,0.626569
1506.16,0.617021
1508.08,0.587948
1510.01,0.572572
1511.94,0.563122
1513.87,0.55146
1515.8,0.531292
1517.73,0.495911
1519.66,0.494341
1521.58,0.492026
1523.51,0.462552
1525.44,0.4442
1527.37,0.429267
1529.3,0.422146
1531.23,0.408119
1533.16,0.39282
1535.08,0.387424
1537.01,0.374949
1538.94,0.348558
1540.87,0.345627
1542.8,0.358943
1544.73,0.35716
1546.66,0.335335
1548.58,0.328715
1550.51,0.341405
1552.44,0.336717
1554.37,0.324195
1556.3,0.310122
1558.23,0.306254
1560.15,0.311358
1562.08,0.308116
1564.01,0.303982
1565.94,0.302543
1567.87,0.299431
1569.8,0.298023
1571.72,0.294173
1573.65,0.282728
1575.58,0.275534
1577.51,0.280768
1579.44,0.278287
1581.37,0.276742
1583.3,0.275534
1585.22,0.274228
1587.15,0.274493
1589.08,0.274215
1591.01,0.274652
1592.94,0.270676
1594.87,0.265002
1596.8,0.266484
1598.72,0.268782
1600.65,0.267231
1602.58,0.272032
1604.51,0.275237
1606.44,0.275254
1608.37,0.278599
1610.3,0.27963
1612.22,0.283077
1614.15,0.283454
1616.08,0.280267
1618.01,0.280608
1619.94,0.280942
1621.87,0.282029
1623.8,0.283352
1625.72,0.283682
1627.65,0.284762
1629.58,0.292287
1631.51,0.290516
1633.44,0.281123
1635.37,0.27456
1637.29,0.289219
1639.22,0.295031
1641.15,0.293239
1643.08,0.289724
1645.01,0.289187
1646.94,0.295246
1648.86,0.295163
1650.79,0.285612
1652.72,0.284302
1654.65,0.290224
1656.58,0.280001
1658.51,0.270917
1660.44,0.265686
1662.36,0.260977
1664.29,0.259484
1666.22,0.257217
1668.15,0.252559
1670.08,0.248389
1672.01,0.248218
1673.94,0.238769
1675.86,0.240171
1677.79,0.23943
1679.72,0.233464
1681.65,0.2261
1683.58,0.216684
1685.51,0.221213
1687.44,0.220191
1689.36,0.211689
1691.29,0.206579
1693.22,0.202777
1695.15,0.199718
1697.08,0.202598
1699.01,0.200283
1700.94,0.201073
1702.86,0.198502
1704.79,0.196529
1706.72,0.20067
1708.65,0.205184
1710.58,0.208597
1712.51,0.21293
1714.43,0.221131
1716.36,0.227667
1718.29,0.228066
1720.22,0.217429
1722.15,0.207473
1724.08,0.201736
1726.01,0.198004
1727.93,0.195917
1729.86,0.193509
1731.79,0.189752
1733.72,0.190448
1735.65,0.192077
1737.58,0.18901
1739.51,0.185247
1741.43,0.179625
1743.36,0.173565
1745.29,0.163559
1747.22,0.152589
1749.15,0.144536
1751.07,0.139188
1753,0.136519
1754.93,0.133603
1756.86,0.131346
1758.79,0.125843
1760.72,0.121532
1762.65,0.123194
1764.57,0.122141
1766.5,0.11617
1768.43,0.113473
1770.36,0.114335
1772.29,0.116514
1774.22,0.113829
1776.15,0.111447
1778.07,0.107593
1780,0.103094
1781.93,0.102886
1783.86,0.0984535
1785.79,0.0912845
1787.72,0.0856296
1789.65,0.0824571
1791.57,0.0790967
1793.5,0.0778048
1795.43,0.0752311
1797.36,0.069278
1799.29,0.0655999
1801.22,0.0653915
1803.15,0.0647492
1805.07,0.0611726
1807,0.0585351
1808.93,0.0554022
1810.86,0.0531805
1812.79,0.0512834
1814.72,0.0486505
1816.64,0.0475813
1818.57,0.0474082
1820.5,0.047112
1822.43,0.0456687
1824.36,0.0438534
1826.29,0.0426822
1828.21,0.0394958
1830.14,0.0420765
1832.07,0.0403041
1834,0.0359167
1835.93,0.0336792
1837.86,0.0312412
1839.79,0.0316417
1841.71,0.0307556
1843.64,0.0295702
1845.57,0.0299462
1847.5,0.0259831
1849.43,0.0242211
1851.36,0.0216732
1853.29,0.0203164
1855.21,0.0193045
1857.14,0.0172199
1859.07,0.0164332
1861,0.0149859
1862.93,0.0148126
1864.86,0.0144826
1866.79,0.0138226
1868.71,0.0141218
1870.64,0.013635
1872.57,0.0121757
1874.5,0.0112232
1876.43,0.00922716
1878.36,0.00707507
1880.29,0.00561154
1882.21,0.00345898
1884.14,0.00179267
1886.07,0.00219452
1888,-0.000300288
1889.93,-0.0022279
1891.86,-0.0019052
1893.78,-0.00174725
1895.71,-0.00203395
1897.64,-0.00219762
1899.57,-0.00153565
1901.5,-0.00183272
1903.43,-0.00136626
1905.35,0.00028336
1907.28,0.000970483
1909.21,0.00117576
1911.14,-9.41753e-006
1913.07,0.000627518
1915,0.00269401
1916.93,0.00297666
1918.85,0.00327182
1920.78,0.00316334
1922.71,0.00337636
1924.64,0.00220549
1926.57,0.00185835
1928.5,0.00155938
1930.43,-0.000130892
1932.35,-0.000105023
1934.28,0.000330448
1936.21,-0.000536799
1938.14,0.00146961
1940.07,0.00656044
1942,0.0104878
1943.93,0.0121424
1945.85,0.0134658
1947.78,0.0153904
1949.71,0.0165447
1951.64,0.0167564
1953.57,0.0166798
1955.5,0.0173565
1957.43,0.0174268
1959.35,0.0168447
1961.28,0.0174012
1963.21,0.0183853
1965.14,0.01879
1967.07,0.0177281
1969,0.0161749
1970.92,0.0151113
1972.85,0.0153972
1974.78,0.0150288
1976.71,0.0180931
1978.64,0.022002
1980.57,0.0240055
1982.49,0.0255456
1984.42,0.0264626
1986.35,0.02718
1988.28,0.0264622
1990.21,0.0233349
1992.14,0.0207845
1994.07,0.0204467
1995.99,0.0192796
1997.92,0.0183173
1999.85,0.0187296
2001.78,0.0210317
2003.71,0.0243447
2005.64,0.0263003
2007.57,0.0280147
2009.49,0.0315527
2011.42,0.0349666
2013.35,0.0373833
2015.28,0.0408769
2017.21,0.0448681
2019.14,0.0468551
2021.06,0.047847
2022.99,0.0505418
2024.92,0.0536454
2026.85,0.0554907
2028.78,0.0580021
2030.71,0.0597662
2032.64,0.0609021
2034.56,0.060443
2036.49,0.0612957
2038.42,0.0618193
2040.35,0.0604969
2042.28,0.0607303
2044.21,0.0614527
2046.14,0.0631
2048.06,0.0648413
2049.99,0.0666505
2051.92,0.0682036
2053.85,0.0678147
2055.78,0.0684867
2057.71,0.0705698
2059.64,0.0698197
2061.56,0.0677968
2063.49,0.0678128
2065.42,0.0669107
2067.35,0.0661638
2069.28,0.0638618
2071.21,0.0601859
2073.14,0.0573862
2075.06,0.0553453
2076.99,0.0538725
2078.92,0.0527538
2080.85,0.0515023
2082.78,0.0504698
2084.71,0.0528873
2086.63,0.054595
2088.56,0.0570508
2090.49,0.0591418
2092.42,0.0606887
2094.35,0.0626509
2096.28,0.0630163
2098.21,0.0650767
2100.13,0.0651834
2102.06,0.0644852
2103.99,0.063197
2105.92,0.0633023
2107.85,0.0648696
2109.78,0.0645562
2111.7,0.0653449
2113.63,0.066689
2115.56,0.0693332
2117.49,0.0669076
2119.42,0.0643324
2121.35,0.0642142
2123.27,0.0646935
2125.2,0.063714
2127.13,0.0608538
2129.06,0.0622518
2130.99,0.0650672
2132.92,0.0678889
2134.85,0.0701348
2136.77,0.0730621
2138.7,0.0727537
2140.63,0.0685136
2142.56,0.0666299
2144.49,0.0622085
2146.42,0.0568045
2148.35,0.0512478
2150.27,0.0475016
2152.2,0.0432029
2154.13,0.0385603
2156.06,0.0348372
2157.99,0.0315646
2159.92,0.0300604
2161.84,0.0271266
2163.77,0.0259893
2165.7,0.0245434
2167.63,0.0218018
2169.56,0.0200319
2171.49,0.0186282
2173.42,0.0202804
2175.34,0.0216408
2177.27,0.0242947
2179.2,0.0240791
2181.13,0.0251201
2183.06,0.0277195
2184.99,0.0290766
2186.92,0.0297141
2188.84,0.0304211
2190.77,0.0311939
2192.7,0.0294321
2194.63,0.0295427
2196.56,0.0269262
2198.49,0.025966
2200.42,0.0273585
2202.34,0.0265458
2204.27,0.0255176
2206.2,0.0232099
2208.13,0.021047
2210.06,0.0180025
2211.99,0.0176148
2213.92,0.0169878
2215.84,0.0166755
2217.77,0.0168177
2219.7,0.0171927
2221.63,0.0218554
2223.56,0.0249387
2225.49,0.0278307
2227.41,0.0287745
2229.34,0.028933
2231.27,0.0287483
2233.2,0.0304371
2235.13,0.029282
2237.06,0.0236673
2238.99,0.0226606
2240.91,0.0190036
2242.84,0.0178704
2244.77,0.014717
2246.7,0.0106224
2248.63,0.00843656
2250.56,0.00758255
2252.49,0.00786734
2254.41,0.00615704
2256.34,0.00808334
2258.27,0.00780475
2260.2,0.00664198
2262.13,0.00521803
2264.06,0.00273895
2265.98,0.00228477
2267.91,0.000523448
2269.84,0.00219703
2271.77,0.00149667
2273.7,0.00196207
2275.63,0.0015384
2277.55,0.00146675
2279.48,0.00273979
2281.41,0.002002
2283.34,0.00359118
2285.27,0.00188029
2287.2,0.00262129
2289.13,0.00143039
2291.05,-0.000918746
2292.98,-0.000939608
2294.91,-0.00258553
2296.84,-0.00497949
2298.77,-0.00562155
2300.7,-0.0031203
2302.63,-0.00376022
2304.55,-0.00285399
2306.48,0.000312328
2308.41,0.00288367
2310.34,0.00707996
2312.27,0.00709856
2314.2,0.00948095
2316.13,0.0118108
2318.05,0.0157895
2319.98,0.0187355
2321.91,0.0194414
2323.84,0.0211186
2325.77,0.0207598
2327.7,0.0200313
2329.63,0.0172528
2331.55,0.0150816
2333.48,0.0146856
2335.41,0.0113938
2337.34,0.00734198
2339.27,0.00950849
2341.2,0.0095582
2343.12,0.00519121
2345.05,0.00722349
2346.98,0.00686991
2348.91,0.00369346
2350.84,0.00221539
2352.77,0.00100338
2354.7,0.00234997
2356.62,4.05312e-005
2358.55,-0.00433242
2360.48,-0.00513709
2362.41,-0.00148058
2364.34,0.000912309
2366.27,-0.00146556
2368.2,-0.00146008
2370.12,0.00149286
2372.05,0.00427198
2373.98,0.00396562
2375.91,0.00561154
2377.84,0.00766981
2379.77,0.0102444
2381.69,0.0130304
2383.62,0.0125458
2385.55,0.0141627
2387.48,0.0161551
2389.41,0.0176886
2391.34,0.0185038
2393.26,0.0206302
2395.19,0.0252671
2397.12,0.0290875
2399.05,0.0331304
2400.98,0.0357118
2402.91,0.0402377
2404.84,0.0433129
2406.76,0.0455878
2408.69,0.049942
2410.62,0.0535377
2412.55,0.0570661
2414.48,0.0567199
2416.41,0.0554644
2418.33,0.0528263
2420.26,0.0501027
2422.19,0.0496149
2424.12,0.0493034
2426.05,0.0525476
2427.98,0.0524503
2429.91,0.0512098
2431.83,0.0499618
2433.76,0.0488213
2435.69,0.0511476
2437.62,0.0538584
2439.55,0.0568677
2441.48,0.0599738
2443.41,0.0657096
2445.33,0.0695682
2447.26,0.0734191
2449.19,0.0767751
2451.12,0.0784644
2453.05,0.0837536
2454.98,0.0872583
2456.91,0.0909768
2458.83,0.0915571
2460.76,0.0928463
2462.69,0.0983789
2464.62,0.101593
2466.55,0.103083
2468.48,0.102846
2470.41,0.101716
2472.33,0.101069
2474.26,0.101139
2476.19,0.102183
2478.12,0.101035
2480.05,0.0981982
2481.98,0.0950706
2483.9,0.0944741
2485.83,0.0948722
2487.76,0.0951353
2489.69,0.0956373
2491.62,0.0958201
2493.55,0.0960617
2495.48,0.0966603
2497.4,0.0986627
2499.33,0.096379
2501.26,0.0947702
2503.19,0.0964324
2505.12,0.0956215
2507.05,0.0950845
2508.98,0.0931654
2510.9,0.0932683
2512.83,0.0933449
2514.76,0.0940259
2516.69,0.0957786
2518.62,0.0945354
2520.55,0.096164
2522.47,0.0977588
2524.4,0.0949044
2526.33,0.0913012
2528.26,0.088681
2530.19,0.0884438
2532.12,0.0889266
2534.04,0.0897795
2535.97,0.0871384
2537.9,0.0857445
2539.83,0.0848924
2541.76,0.0834776
2543.69,0.0828748
2545.62,0.0807842
2547.54,0.0796925
2549.47,0.0766202
2551.4,0.0726137
2553.33,0.0689225
2555.26,0.0685205
2557.19,0.0702567
2559.12,0.0720608
2561.04,0.0716993
2562.97,0.0723058
2564.9,0.0744606
2566.83,0.0767504
2568.76,0.0792357
2570.69,0.082986
2572.61,0.0839156
2574.54,0.0881763
2576.47,0.0929904
2578.4,0.0959796
2580.33,0.0969921
2582.26,0.100096
2584.19,0.105329
2586.11,0.107484
2588.04,0.108684
2589.97,0.109168
2591.9,0.110183
2593.83,0.111313
2595.76,0.116591
2597.69,0.126603
2599.61,0.134143
2601.54,0.139893
2603.47,0.14244
2605.4,0.145428
2607.33,0.152993
2609.26,0.15729
2611.19,0.159089
2613.11,0.161024
2615.04,0.161989
2616.97,0.164186
2618.9,0.166869
2620.83,0.169468
2622.76,0.169364
2624.69,0.17179
2626.61,0.175224
2628.54,0.175962
2630.47,0.17506
2632.4,0.176147
2634.33,0.177816
2636.26,0.178474
2638.18,0.179715
2640.11,0.177813
2642.04,0.177555
2643.97,0.177081
2645.9,0.175297
2647.83,0.171829
2649.75,0.167068
2651.68,0.168078
2653.61,0.168119
2655.54,0.167267
2657.47,0.166585
2659.4,0.165108
2661.33,0.169209
2663.25,0.173803
2665.18,0.175764
2667.11,0.177798
2669.04,0.17977
2670.97,0.181752
2672.9,0.188386
2674.83,0.194117
2676.75,0.197783
2678.68,0.203199
2680.61,0.205606
2682.54,0.20913
2684.47,0.212191
2686.4,0.217631
2688.32,0.223956
2690.25,0.228173
2692.18,0.229833
2694.11,0.230405
2696.04,0.230433
2697.97,0.230294
2699.9,0.230814
2701.82,0.233318
2703.75,0.230377
2705.68,0.228355
2707.61,0.230088
2709.54,0.229254
2711.47,0.229083
2713.4,0.229213
2715.32,0.230894
2717.25,0.230041
2719.18,0.2267
2721.11,0.226358
2723.04,0.229612
2724.97,0.230951
2726.9,0.230623
2728.82,0.234506
2730.75,0.237808
2732.68,0.238816
2734.61,0.236411
2736.54,0.233862
2738.47,0.231937
2740.4,0.234558
2742.32,0.235124
2744.25,0.233701
2746.18,0.236321
2748.11,0.240401
2750.04,0.244539
2751.97,0.247498
2753.89,0.249386
2755.82,0.249958
2757.75,0.251581
2759.68,0.253031
2761.61,0.257895
2763.54,0.259196
2765.47,0.257258
2767.39,0.259289
2769.32,0.258467
2771.25,0.25864
2773.18,0.259572
2775.11,0.258518
2777.04,0.253935
2778.96,0.253311
2780.89,0.258172
2782.82,0.260223
2784.75,0.259238
2786.68,0.263407
2788.61,0.26795
2790.53,0.269596
2792.46,0.27306
2794.39,0.278497
2796.32,0.284057
2798.25,0.286227
2800.18,0.289208
2802.11,0.294637
2804.03,0.296531
2805.96,0.297944
2807.89,0.297737
2809.82,0.297282
2811.75,0.299896
2813.68,0.305993
2815.61,0.311581
2817.53,0.315241
2819.46,0.316768
2821.39,0.315586
2823.32,0.31847
2825.25,0.321166
2827.18,0.320936
2829.1,0.320864
2831.03,0.324149
2832.96,0.329508
2834.89,0.333749
2836.82,0.332803
2838.75,0.336971
2840.68,0.346905
2842.6,0.355785
2844.53,0.370179
2846.46,0.39543
2848.39,0.421725
2850.32,0.437943
2852.25,0.455634
2854.18,0.473707
2856.1,0.487852
2858.03,0.493053
2859.96,0.489059
2861.89,0.487257
2863.82,0.49085
2865.75,0.494387
2867.68,0.492668
2869.6,0.492645
2871.53,0.492233
2873.46,0.495566
2875.39,0.499246
2877.32,0.503634
2879.25,0.525622
2881.18,0.553872
2883.1,0.579409
2885.03,0.590449
2886.96,0.588262
2888.89,0.583852
2890.82,0.581347
2892.75,0.605707
2894.67,0.643483
2896.6,0.679918
2898.53,0.695849
2900.46,0.670786
2902.39,0.614262
2904.32,0.571603
2906.25,0.558723
2908.17,0.557715
2910.1,0.563767
2912.03,0.565766
2913.96,0.577092
2915.89,0.588557
2917.82,0.576058
2919.75,0.573898
2921.67,0.58083
2923.6,0.575828
2925.53,0.555535
2927.46,0.547119
2929.39,0.539634
2931.32,0.51708
2933.24,0.497142
2935.17,0.477453
2937.1,0.442643
2939.03,0.412746
2940.96,0.389218
2942.89,0.367124
2944.81,0.349873
2946.74,0.337675
2948.67,0.328304
2950.6,0.32064
2952.53,0.319261
2954.46,0.321633
2956.39,0.321985
2958.31,0.323258
2960.24,0.32746
2962.17,0.330193
2964.1,0.343009
2966.03,0.370705
2967.96,0.40816
2969.89,0.431856
2971.81,0.421295
2973.74,0.398258
2975.67,0.383304
2977.6,0.36895
2979.53,0.364801
2981.46,0.397087
2983.39,0.414494
2985.31,0.381241
2987.24,0.333973
2989.17,0.300454
2991.1,0.275463
2993.03,0.256467
2994.96,0.246683
2996.89,0.239209
2998.81,0.236014
3000.74,0.233954
3002.67,0.229172
3004.6,0.225719
3006.53,0.224045
3008.46,0.222777
3010.38,0.223903
3012.31,0.227839
3014.24,0.226709
3016.17,0.221394
3018.1,0.219927
3020.03,0.222746
3021.96,0.226744
3023.88,0.228295
3025.81,0.22774
3027.74,0.226972
3029.67,0.232576
3031.6,0.233602
3033.53,0.230816
3035.46,0.234982
3037.38,0.240783
3039.31,0.24236
3041.24,0.241685
3043.17,0.239087
3045.1,0.238362
3047.03,0.24175
3048.95,0.244623
3050.88,0.251025
3052.81,0.257254
3054.74,0.259482
3056.67,0.262064
3058.6,0.263193
3060.52,0.264934
3062.45,0.270633
3064.38,0.276422
3066.31,0.275928
3068.24,0.278479
3070.17,0.279937
3072.1,0.279554
3074.02,0.285414
3075.95,0.29441
3077.88,0.300547
3079.81,0.303899
3081.74,0.303015
3083.67,0.306597
3085.59,0.312829
3087.52,0.318517
3089.45,0.324342
3091.38,0.328926
3093.31,0.334736
3095.24,0.341797
3097.17,0.349742
3099.09,0.350877
3101.02,0.350378
3102.95,0.357212
3104.88,0.367096
3106.81,0.374617
3108.74,0.380289
3110.67,0.383081
3112.59,0.390712
3114.52,0.390303
3116.45,0.396035
3118.38,0.407224
3120.31,0.410836
3122.24,0.41697
3124.17,0.426665
3126.09,0.431451
3128.02,0.435285
3129.95,0.442168
3131.88,0.453431
3133.81,0.451256
3135.74,0.45105
3137.67,0.459198
3139.59,0.464564
3141.52,0.473069
3143.45,0.47558
3145.38,0.475789
3147.31,0.485647
3149.24,0.497499
3151.16,0.511902
3153.09,0.517606
3155.02,0.515784
3156.95,0.520366
3158.88,0.533248
3160.81,0.537739
3162.74,0.536869
3164.66,0.553605
3166.59,0.568833
3168.52,0.569412
3170.45,0.578726
3172.38,0.585369
3174.31,0.586852
3176.24,0.589743
3178.16,0.600025
3180.09,0.609112
3182.02,0.615747
3183.95,0.630055
3185.88,0.644369
3187.81,0.650808
3189.73,0.651967
3191.66,0.64972
3193.59,0.651792
3195.52,0.65661
3197.45,0.657891
3199.38,0.669395
3201.3,0.682865
3203.23,0.678095
3205.16,0.663671
3207.09,0.659708
3209.02,0.669819
3210.95,0.682183
3212.88,0.685018
3214.8,0.682611
3216.73,0.681244
3218.66,0.688326
3220.59,0.693863
3222.52,0.696984
3224.45,0.704413
3226.38,0.706729
3228.3,0.712622
3230.23,0.719639
3232.16,0.706101
3234.09,0.701375
3236.02,0.709861
3237.95,0.707595
3239.88,0.716577
3241.8,0.729021
3243.73,0.735214
3245.66,0.750497
3247.59,0.755546
3249.52,0.739072
3251.45,0.728915
3253.38,0.741475
3255.3,0.74625
3257.23,0.73514
3259.16,0.727377
3261.09,0.737087
3263.02,0.765144
3264.95,0.776292
3266.87,0.780061
3268.8,0.780733
3270.73,0.767245
3272.66,0.759719
3274.59,0.758655
3276.52,0.770159
3278.45,0.789724
3280.37,0.808004
3282.3,0.814785
3284.23,0.810328
3286.16,0.820438
3288.09,0.84182
3290.02,0.837143
3291.95,0.844371
3293.87,0.837014
3295.8,0.822919
3297.73,0.832271
3299.66,0.857043
3301.59,0.864831
3303.52,0.866826
3305.44,0.860202
3307.37,0.840585
3309.3,0.841358
3311.23,0.844405
3313.16,0.837424
3315.09,0.838147
3317.01,0.859681
3318.94,0.883579
3320.87,0.880423
3322.8,0.876403
3324.73,0.883696
3326.66,0.87533
3328.59,0.879333
3330.51,0.901439
3332.44,0.900216
3334.37,0.902061
3336.3,0.898114
3338.23,0.892001
3340.16,0.890293
3342.09,0.893337
3344.01,0.902984
3345.94,0.911224
3347.87,0.910237
3349.8,0.920254
3351.73,0.937303
3353.66,0.937019
3355.58,0.929533
3357.51,0.933154
3359.44,0.927347
3361.37,0.913398
3363.3,0.929983
3365.23,0.978865
3367.16,0.978925
3369.08,0.962484
3371.01,0.947183
3372.94,0.940505
3374.87,0.961367
3376.8,0.988444
3378.73,0.969808
3380.66,0.966209
3382.58,0.966883
3384.51,0.967637
3386.44,0.965029
3388.37,0.977155
3390.3,0.999077
3392.23,1.00423
3394.16,1.00258
3396.08,1.01176
3398.01,1.00378
3399.94,0.982431
3401.87,0.982829
3403.8,0.993784
3405.73,1.00667
3407.66,1.01108
3409.58,1.02339
3411.51,1.02046
3413.44,1.02723
3415.37,1.04218
3417.3,1.0181
3419.23,1.0339
3421.15,1.06158
3423.08,1.07811
3425.01,1.09536
3426.94,1.06684
3428.87,1.06875
3430.8,1.0985
3432.73,1.09611
3434.65,1.09301
3436.58,1.11183
3438.51,1.13435
3440.44,1.12976
3442.37,1.11753
3444.3,1.14691
3446.23,1.1573
3448.15,1.10632
3450.08,1.07394
3452.01,1.08574
3453.94,1.07964
3455.87,1.04809
3457.79,1.05795
3459.72,1.04661
3461.65,1.03958
3463.58,1.03255
3465.51,1.00789
3467.44,0.994834
3469.37,0.986284
3471.29,0.984103
3473.22,1.00544
3475.15,1.01198
3477.08,0.990878
3479.01,0.962206
3480.94,0.938321
3482.87,0.928934
3484.79,0.927383
3486.72,0.902288
3488.65,0.879377
3490.58,0.856874
3492.51,0.84101
3494.44,0.828627
3496.36,0.818879
3498.29,0.805224
3500.22,0.789465
3502.15,0.762854
3504.08,0.743884
3506.01,0.719554
3507.94,0.70222
3509.86,0.690262
3511.79,0.681671
3513.72,0.665356
3515.65,0.645932
3517.58,0.631058
3519.51,0.614272
3521.44,0.601297
3523.36,0.592032
3525.29,0.568362
3527.22,0.549546
3529.15,0.54468
3531.08,0.533712
3533.01,0.516263
3534.94,0.50217
3536.86,0.491152
3538.79,0.481563
3540.72,0.468095
3542.65,0.456732
3544.58,0.442771
3546.51,0.440199
3548.44,0.431013
3550.36,0.412742
3552.29,0.402384
3554.22,0.391891
3556.15,0.379574
3558.08,0.368314
3560.01,0.355745
3561.93,0.345296
3563.86,0.335573
3565.79,0.329459
3567.72,0.321676
3569.65,0.310208
3571.58,0.302813
3573.5,0.296803
3575.43,0.288752
3577.36,0.284737
3579.29,0.281088
3581.22,0.272552
3583.15,0.260908
3585.08,0.251974
3587,0.244195
3588.93,0.238478
3590.86,0.232742
3592.79,0.228065
3594.72,0.227621
3596.65,0.223203
3598.58,0.214742
3600.5,0.208726
3602.43,0.205365
3604.36,0.202309
3606.29,0.196062
3608.22,0.189768
3610.15,0.182429
3612.07,0.177265
3614,0.175794
3615.93,0.170624
3617.86,0.161617
3619.79,0.156293
3621.72,0.15694
3623.65,0.154603
3625.57,0.146482
3627.5,0.133474
3629.43,0.131526
3631.36,0.131708
3633.29,0.127782
3635.22,0.125288
3637.15,0.118883
3639.07,0.116163
3641,0.114016
3642.93,0.109131
3644.86,0.102757
3646.79,0.0980836
3648.72,0.0880257
3650.65,0.083783
3652.57,0.0831618
3654.5,0.074679
3656.43,0.0692078
3658.36,0.0706048
3660.29,0.0694935
3662.22,0.0665514
3664.15,0.0627329
3666.07,0.0583007
3668,0.0511122
3669.93,0.046473
3671.86,0.0456864
3673.79,0.0369864
3675.72,0.0299178
3677.64,0.0300126
3679.57,0.028357
3681.5,0.0291409
3683.43,0.0283194
3685.36,0.0258573
3687.29,0.0190243
3689.22,0.0112312
3691.14,0.0103021
3693.07,0.0131932
3695,0.0147492
3696.93,0.0129936
3698.86,0.00871181
3700.79,0.00564647
3702.72,0.00524604
3704.64,0.00531077
3706.57,0.00409353
3708.5,0.00188172
3710.43,-0.00292933
3712.36,-0.00336885
3714.29,-0.000182509
3716.21,0.000608563
3718.14,0.00118327
3720.07,0.000927567
3722,-0.000429392
3723.93,-0.00175977
3725.86,0.00016582
3727.78,0.00432599
3729.71,0.00304615
3731.64,0.000754833
3733.57,-0.0017916
3735.5,-0.00448453
3737.43,-0.000751138
3739.36,0.00352323
3741.28,0.00385392
3743.21,0.000417233
3745.14,-0.000426412
3747.07,-0.0018065
3749,-0.00609541
3750.93,-0.00572193
3752.85,0.000997901
3754.78,0.00304091
3756.71,0.00195217
3758.64,0.000165343
3760.57,0.0025084
3762.5,0.00708711
3764.43,0.0065881
3766.35,0.00661755
3768.28,0.00559747
3770.21,0.00708246
3772.14,0.0104122
3774.07,0.0105064
3776,0.0100808
3777.93,0.0101799
3779.85,0.0127665
3781.78,0.0145842
3783.71,0.0151336
3785.64,0.0161865
3787.57,0.0160198
3789.5,0.0161909
3791.43,0.016957
3793.35,0.019081
3795.28,0.0208786
3797.21,0.0236633
3799.14,0.0216459
3801.07,0.0198661
3803,0.0261716
3804.93,0.0253178
3806.85,0.0238883
3808.78,0.0283588
3810.71,0.0309958
3812.64,0.0316422
3814.57,0.0279806
3816.5,0.0308484
3818.43,0.0313677
3820.35,0.0271707
3822.28,0.0344584
3824.21,0.0377426
3826.14,0.0396217
3828.07,0.0434942
3830,0.0447258
3831.92,0.0485877
3833.85,0.0496484
3835.78,0.0496678
3837.71,0.051067
3839.64,0.0572858
3841.57,0.0634654
3843.5,0.0695227
3845.42,0.0762109
3847.35,0.0835216
3849.28,0.0873162
3851.21,0.0850105
3853.14,0.0782566
3855.07,0.0894583
3856.99,0.0979482
3858.92,0.101611
3860.85,0.102281
3862.78,0.104308
3864.71,0.108139
3866.64,0.11076
3868.56,0.107646
3870.49,0.112014
3872.42,0.115759
3874.35,0.121662
3876.28,0.126451
3878.21,0.127136
3880.14,0.128488
3882.06,0.131198
3883.99,0.129331
3885.92,0.132105
3887.85,0.136662
3889.78,0.136866
3891.71,0.14092
3893.64,0.146084
3895.56,0.148694
3897.49,0.151065
3899.42,0.153486
3901.35,0.156525
3903.28,0.159177
3905.21,0.165423
3907.14,0.169664
3909.06,0.173205
3910.99,0.176578
3912.92,0.180524
3914.85,0.1812
3916.78,0.18244
3918.71,0.185921
3920.64,0.188456
3922.56,0.189942
3924.49,0.194035
3926.42,0.197582
3928.35,0.200498
3930.28,0.202893
3932.21,0.205424
3934.13,0.208692
3936.06,0.210937
3937.99,0.214141
3939.92,0.217932
3941.85,0.222192
3943.78,0.227216
3945.71,0.230063
3947.63,0.231655
3949.56,0.232868
3951.49,0.238315
3953.42,0.242673
3955.35,0.246293
3957.28,0.250177
3959.21,0.254568
3961.13,0.259167
3963.06,0.262451
3964.99,0.265255
3966.92,0.269596
3968.85,0.273249
3970.78,0.276415
3972.7,0.280578
3974.63,0.285021
3976.56,0.285228
3978.49,0.285456
3980.42,0.287081
3982.35,0.288268
3984.27,0.289454
3986.2,0.291405
3988.13,0.294262
3990.06,0.296742
3991.99,0.29803
3993.92,0.300366
3995.85,0.300727
3997.77,0.299657
3999.7,0.30068
