7.019730e+002,1.017921e+000
7.039015e+002,1.021496e+000
7.058300e+002,1.023882e+000
7.077585e+002,1.027334e+000
7.096870e+002,1.024374e+000
7.116155e+002,1.025709e+000
7.135440e+002,1.028720e+000
7.154725e+002,1.028924e+000
7.174010e+002,1.026646e+000
7.193295e+002,1.029477e+000
7.212580e+002,1.033757e+000
7.231865e+002,1.046265e+000
7.251150e+002,1.054054e+000
7.270435e+002,1.065543e+000
7.289720e+002,1.076374e+000
7.309005e+002,1.089413e+000
7.328290e+002,1.095858e+000
7.347574e+002,1.102962e+000
7.366860e+002,1.107860e+000
7.386144e+002,1.117026e+000
7.405430e+002,1.120914e+000
7.424714e+002,1.120541e+000
7.444000e+002,1.112165e+000
7.463284e+002,1.103283e+000
7.482570e+002,1.092229e+000
7.501854e+002,1.081145e+000
7.521140e+002,1.062361e+000
7.540424e+002,1.044327e+000
7.559709e+002,1.025856e+000
7.578994e+002,1.005785e+000
7.598279e+002,9.814003e-001
7.617564e+002,9.581729e-001
7.636849e+002,9.339255e-001
7.656134e+002,9.130185e-001
7.675419e+002,8.945293e-001
7.694704e+002,8.808116e-001
7.713989e+002,8.648295e-001
7.733274e+002,8.494442e-001
7.752559e+002,8.356687e-001
7.771844e+002,8.262084e-001
7.791129e+002,8.157384e-001
7.810414e+002,8.080264e-001
7.829699e+002,7.934903e-001
7.848984e+002,7.742535e-001
7.868269e+002,7.504575e-001
7.887554e+002,7.283395e-001
7.906839e+002,7.077762e-001
7.926124e+002,6.909631e-001
7.945409e+002,6.747866e-001
7.964694e+002,6.599534e-001
7.983979e+002,6.448889e-001
8.003264e+002,6.338828e-001
8.022549e+002,6.228902e-001
8.041833e+002,6.130660e-001
8.061119e+002,6.030216e-001
8.080403e+002,5.929636e-001
8.099689e+002,5.833040e-001
8.118973e+002,5.748957e-001
8.138259e+002,5.661761e-001
8.157543e+002,5.558111e-001
8.176829e+002,5.445880e-001
8.196113e+002,5.344775e-001
8.215399e+002,5.262038e-001
8.234683e+002,5.203029e-001
8.253969e+002,5.170265e-001
8.273253e+002,5.155285e-001
8.292538e+002,5.175790e-001
8.311823e+002,5.250625e-001
8.331108e+002,5.381278e-001
8.350393e+002,5.502589e-001
8.369678e+002,5.484997e-001
8.388963e+002,5.311221e-001
8.408248e+002,5.075740e-001
8.427533e+002,4.874249e-001
8.446818e+002,4.717470e-001
8.466103e+002,4.614736e-001
8.485388e+002,4.526739e-001
8.504673e+002,4.474054e-001
8.523958e+002,4.449223e-001
8.543243e+002,4.453732e-001
8.562528e+002,4.460588e-001
8.581813e+002,4.487806e-001
8.601098e+002,4.502030e-001
8.620383e+002,4.506148e-001
8.639668e+002,4.494542e-001
8.658953e+002,4.486305e-001
8.678238e+002,4.488185e-001
8.697523e+002,4.523584e-001
8.716808e+002,4.590293e-001
8.736093e+002,4.690519e-001
8.755378e+002,4.836902e-001
8.774662e+002,5.046555e-001
8.793948e+002,5.341967e-001
8.813232e+002,5.754089e-001
8.832518e+002,6.327748e-001
8.851802e+002,7.062363e-001
8.871088e+002,7.814842e-001
8.890372e+002,8.331414e-001
8.909658e+002,8.438177e-001
8.928942e+002,8.332935e-001
8.948228e+002,8.233991e-001
8.967512e+002,7.951488e-001
8.986797e+002,7.257859e-001
9.006082e+002,6.450332e-001
9.025367e+002,5.790463e-001
9.044652e+002,5.324752e-001
9.063937e+002,5.031184e-001
9.083222e+002,4.876406e-001
9.102507e+002,4.785847e-001
9.121792e+002,4.760844e-001
9.141077e+002,4.777035e-001
9.160362e+002,4.803821e-001
9.179647e+002,4.819533e-001
9.198932e+002,4.822986e-001
9.218217e+002,4.811309e-001
9.237502e+002,4.801247e-001
9.256787e+002,4.787536e-001
9.276072e+002,4.772278e-001
9.295357e+002,4.752926e-001
9.314642e+002,4.738397e-001
9.333927e+002,4.741574e-001
9.353212e+002,4.763651e-001
9.372497e+002,4.804820e-001
9.391782e+002,4.867280e-001
9.411067e+002,4.937473e-001
9.430352e+002,5.024278e-001
9.449637e+002,5.115766e-001
9.468922e+002,5.203818e-001
9.488207e+002,5.270140e-001
9.507491e+002,5.319497e-001
9.526776e+002,5.364757e-001
9.546061e+002,5.426188e-001
9.565346e+002,5.515117e-001
9.584631e+002,5.646707e-001
9.603916e+002,5.817771e-001
9.623201e+002,6.046665e-001
9.642486e+002,6.323463e-001
9.661771e+002,6.655182e-001
9.681056e+002,7.036710e-001
9.700341e+002,7.487151e-001
9.719626e+002,7.917256e-001
9.738911e+002,8.194329e-001
9.758196e+002,8.276086e-001
9.777481e+002,8.299611e-001
9.796766e+002,8.431766e-001
9.816051e+002,8.776197e-001
9.835336e+002,9.290990e-001
9.854621e+002,9.935183e-001
9.873906e+002,1.056971e+000
9.893191e+002,1.107038e+000
9.912476e+002,1.130680e+000
9.931761e+002,1.139405e+000
9.951046e+002,1.140798e+000
9.970331e+002,1.136014e+000
9.989615e+002,1.107065e+000
1.000890e+003,1.061463e+000
1.002819e+003,1.015443e+000
1.004747e+003,9.841172e-001
1.006676e+003,9.686962e-001
1.008604e+003,9.702178e-001
1.010533e+003,9.806865e-001
1.012461e+003,9.955118e-001
1.014390e+003,1.010959e+000
1.016318e+003,1.028040e+000
1.018247e+003,1.032115e+000
1.020175e+003,1.031189e+000
1.022104e+003,1.036166e+000
1.024032e+003,1.057888e+000
1.025961e+003,1.088336e+000
1.027889e+003,1.113575e+000
1.029818e+003,1.120071e+000
1.031746e+003,1.117875e+000
1.033675e+003,1.121775e+000
1.035603e+003,1.137543e+000
1.037531e+003,1.158358e+000
1.039460e+003,1.183833e+000
1.041389e+003,1.209384e+000
1.043317e+003,1.232135e+000
1.045245e+003,1.243062e+000
1.047174e+003,1.248991e+000
1.049103e+003,1.246665e+000
1.051031e+003,1.245529e+000
1.052959e+003,1.245929e+000
1.054888e+003,1.241356e+000
1.056817e+003,1.232278e+000
1.058745e+003,1.230983e+000
1.060673e+003,1.233689e+000
1.062602e+003,1.247895e+000
1.064531e+003,1.265392e+000
1.066459e+003,1.285018e+000
1.068387e+003,1.289823e+000
1.070316e+003,1.284326e+000
1.072245e+003,1.272086e+000
1.074173e+003,1.260319e+000
1.076101e+003,1.245972e+000
1.078030e+003,1.232720e+000
1.079958e+003,1.222065e+000
1.081887e+003,1.236218e+000
1.083815e+003,1.272502e+000
1.085744e+003,1.320392e+000
1.087672e+003,1.351447e+000
1.089601e+003,1.369214e+000
1.091529e+003,1.387111e+000
1.093458e+003,1.410256e+000
1.095386e+003,1.415503e+000
1.097315e+003,1.414728e+000
1.099243e+003,1.405539e+000
1.101172e+003,1.405656e+000
1.103100e+003,1.412929e+000
1.105029e+003,1.441106e+000
1.106957e+003,1.467616e+000
1.108886e+003,1.488412e+000
1.110814e+003,1.475712e+000
1.112743e+003,1.435178e+000
1.114671e+003,1.373972e+000
1.116600e+003,1.331195e+000
1.118528e+003,1.310387e+000
1.120457e+003,1.307412e+000
1.122385e+003,1.312479e+000
1.124314e+003,1.327556e+000
1.126242e+003,1.346455e+000
1.128171e+003,1.378929e+000
1.130099e+003,1.402701e+000
1.132028e+003,1.405818e+000
1.133956e+003,1.369650e+000
1.135885e+003,1.319208e+000
1.137813e+003,1.269264e+000
1.139742e+003,1.237923e+000
1.141670e+003,1.219034e+000
1.143599e+003,1.212940e+000
1.145527e+003,1.202944e+000
1.147456e+003,1.197419e+000
1.149384e+003,1.198103e+000
1.151313e+003,1.207698e+000
1.153241e+003,1.209754e+000
1.155170e+003,1.205320e+000
1.157098e+003,1.209069e+000
1.159027e+003,1.231757e+000
1.160955e+003,1.261840e+000
1.162884e+003,1.296886e+000
1.164812e+003,1.319486e+000
1.166741e+003,1.340055e+000
1.168669e+003,1.353682e+000
1.170598e+003,1.350281e+000
1.172526e+003,1.306740e+000
1.174455e+003,1.235534e+000
1.176383e+003,1.153582e+000
1.178312e+003,1.084755e+000
1.180240e+003,1.029474e+000
1.182169e+003,9.959981e-001
1.184097e+003,9.824837e-001
1.186026e+003,9.935881e-001
1.187954e+003,1.023439e+000
1.189883e+003,1.056032e+000
1.191811e+003,1.061453e+000
1.193740e+003,1.044947e+000
1.195668e+003,1.032236e+000
1.197597e+003,1.039714e+000
1.199525e+003,1.058110e+000
1.201454e+003,1.084556e+000
1.203382e+003,1.104288e+000
1.205311e+003,1.103500e+000
1.207239e+003,1.080588e+000
1.209168e+003,1.063496e+000
1.211096e+003,1.054030e+000
1.213025e+003,1.046387e+000
1.214953e+003,1.038923e+000
1.216882e+003,1.033067e+000
1.218810e+003,1.018732e+000
1.220739e+003,1.001667e+000
1.222667e+003,9.804318e-001
1.224596e+003,9.520801e-001
1.226524e+003,9.125513e-001
1.228453e+003,8.724955e-001
1.230381e+003,8.359122e-001
1.232310e+003,8.080626e-001
1.234238e+003,7.881800e-001
1.236167e+003,7.778657e-001
1.238095e+003,7.761648e-001
1.240024e+003,7.848908e-001
1.241952e+003,8.015102e-001
1.243881e+003,8.290248e-001
1.245809e+003,8.657690e-001
1.247738e+003,9.098972e-001
1.249666e+003,9.490534e-001
1.251595e+003,9.756890e-001
1.253523e+003,9.928817e-001
1.255452e+003,1.014501e+000
1.257380e+003,1.041516e+000
1.259309e+003,1.071168e+000
1.261237e+003,1.088457e+000
1.263166e+003,1.099935e+000
1.265094e+003,1.111452e+000
1.267023e+003,1.116982e+000
1.268951e+003,1.094798e+000
1.270880e+003,1.053419e+000
1.272808e+003,1.013812e+000
1.274737e+003,9.963705e-001
1.276665e+003,9.999951e-001
1.278594e+003,1.023024e+000
1.280522e+003,1.052644e+000
1.282451e+003,1.081452e+000
1.284379e+003,1.096393e+000
1.286308e+003,1.093333e+000
1.288236e+003,1.066555e+000
1.290165e+003,1.027370e+000
1.292093e+003,9.851651e-001
1.294022e+003,9.560961e-001
1.295950e+003,9.447345e-001
1.297879e+003,9.554289e-001
1.299807e+003,9.726816e-001
1.301736e+003,9.856032e-001
1.303664e+003,9.931106e-001
1.305593e+003,1.018827e+000
1.307521e+003,1.066131e+000
1.309450e+003,1.106388e+000
1.311378e+003,1.087755e+000
1.313307e+003,1.029879e+000
1.315235e+003,9.866169e-001
1.317164e+003,9.837238e-001
1.319092e+003,1.007264e+000
1.321021e+003,1.025867e+000
1.322949e+003,1.013904e+000
1.324878e+003,9.987578e-001
1.326806e+003,9.974168e-001
1.328735e+003,1.013439e+000
1.330663e+003,1.036655e+000
1.332592e+003,1.064878e+000
1.334520e+003,1.092083e+000
1.336449e+003,1.121588e+000
1.338377e+003,1.138476e+000
1.340306e+003,1.142482e+000
1.342234e+003,1.127125e+000
1.344163e+003,1.103431e+000
1.346091e+003,1.076396e+000
1.348020e+003,1.059303e+000
1.349948e+003,1.052148e+000
1.351877e+003,1.062133e+000
1.353805e+003,1.079311e+000
1.355734e+003,1.103028e+000
1.357662e+003,1.122646e+000
1.359591e+003,1.143520e+000
1.361519e+003,1.148686e+000
1.363448e+003,1.133612e+000
1.365376e+003,1.092795e+000
1.367305e+003,1.045304e+000
1.369233e+003,9.970309e-001
1.371161e+003,9.638517e-001
1.373090e+003,9.407238e-001
1.375019e+003,9.374046e-001
1.376947e+003,9.426098e-001
1.378875e+003,9.485481e-001
1.380804e+003,9.453876e-001
1.382733e+003,9.339702e-001
1.384661e+003,9.149054e-001
1.386589e+003,8.986705e-001
1.388518e+003,8.916994e-001
1.390447e+003,8.916786e-001
1.392375e+003,8.925058e-001
1.394303e+003,9.058754e-001
1.396232e+003,9.331142e-001
1.398161e+003,9.579208e-001
1.400089e+003,9.899409e-001
1.402017e+003,1.019045e+000
1.403946e+003,1.041981e+000
1.405875e+003,1.066315e+000
1.407803e+003,1.071755e+000
1.409731e+003,1.069018e+000
1.411660e+003,1.066864e+000
1.413589e+003,1.074873e+000
1.415517e+003,1.082657e+000
1.417445e+003,1.091834e+000
1.419374e+003,1.119158e+000
1.421302e+003,1.150976e+000
1.423231e+003,1.166438e+000
1.425159e+003,1.191447e+000
1.427088e+003,1.196642e+000
1.429016e+003,1.195303e+000
1.430945e+003,1.180519e+000
1.432873e+003,1.161136e+000
1.434802e+003,1.126749e+000
1.436730e+003,1.091099e+000
1.438659e+003,1.061001e+000
1.440587e+003,1.039272e+000
1.442516e+003,1.013982e+000
1.444444e+003,9.959849e-001
1.446373e+003,9.794314e-001
1.448301e+003,9.815212e-001
1.450230e+003,9.968270e-001
1.452158e+003,1.026083e+000
1.454087e+003,1.036984e+000
1.456015e+003,1.006166e+000
1.457944e+003,9.170828e-001
1.459872e+003,8.735920e-001
1.461801e+003,8.408132e-001
1.463729e+003,8.139747e-001
1.465658e+003,8.059132e-001
1.467586e+003,8.112311e-001
1.469515e+003,8.115710e-001
1.471443e+003,8.116484e-001
1.473372e+003,8.395390e-001
1.475300e+003,8.714187e-001
1.477229e+003,9.053756e-001
1.479157e+003,9.326007e-001
1.481086e+003,9.550875e-001
1.483014e+003,9.756040e-001
1.484943e+003,9.769038e-001
1.486871e+003,9.645134e-001
1.488800e+003,9.391960e-001
1.490728e+003,9.130224e-001
1.492657e+003,8.866824e-001
1.494585e+003,8.513396e-001
1.496514e+003,8.025708e-001
1.498442e+003,7.672597e-001
1.500371e+003,7.371118e-001
1.502299e+003,7.085454e-001
1.504228e+003,6.721489e-001
1.506156e+003,6.238252e-001
1.508085e+003,6.045550e-001
1.510013e+003,5.974426e-001
1.511942e+003,5.770730e-001
1.513870e+003,5.560636e-001
1.515799e+003,5.283476e-001
1.517727e+003,5.132852e-001
1.519656e+003,4.955482e-001
1.521584e+003,4.780617e-001
1.523513e+003,4.750838e-001
1.525441e+003,4.657389e-001
1.527370e+003,4.562516e-001
1.529298e+003,4.501168e-001
1.531227e+003,4.365470e-001
1.533155e+003,4.183300e-001
1.535084e+003,4.158340e-001
1.537012e+003,4.018174e-001
1.538941e+003,3.708427e-001
1.540869e+003,3.623955e-001
1.542798e+003,3.711402e-001
1.544726e+003,3.743212e-001
1.546655e+003,3.765634e-001
1.548583e+003,3.685473e-001
1.550512e+003,3.636079e-001
1.552440e+003,3.564107e-001
1.554369e+003,3.449512e-001
1.556297e+003,3.312727e-001
1.558226e+003,3.008583e-001
1.560154e+003,3.287037e-001
1.562083e+003,3.348029e-001
1.564011e+003,3.281944e-001
1.565940e+003,3.247806e-001
1.567868e+003,3.149887e-001
1.569797e+003,3.081694e-001
1.571725e+003,3.135100e-001
1.573654e+003,3.039528e-001
1.575582e+003,2.903873e-001
1.577511e+003,2.969640e-001
1.579439e+003,3.008714e-001
1.581368e+003,2.990578e-001
1.583296e+003,2.973907e-001
1.585225e+003,2.954325e-001
1.587153e+003,2.937483e-001
1.589082e+003,2.902230e-001
1.591010e+003,2.870265e-001
1.592939e+003,2.825318e-001
1.594867e+003,2.790962e-001
1.596796e+003,2.773214e-001
1.598724e+003,2.756337e-001
1.600653e+003,2.723369e-001
1.602581e+003,2.697282e-001
1.604510e+003,2.681797e-001
1.606438e+003,2.654450e-001
1.608367e+003,2.616608e-001
1.610295e+003,2.605852e-001
1.612224e+003,2.594403e-001
1.614152e+003,2.517496e-001
1.616081e+003,2.411422e-001
1.618009e+003,2.525589e-001
1.619938e+003,2.559124e-001
1.621866e+003,2.486714e-001
1.623795e+003,2.497296e-001
1.625723e+003,2.541147e-001
1.627652e+003,2.519697e-001
1.629580e+003,2.566190e-001
1.631509e+003,2.547922e-001
1.633437e+003,2.437759e-001
1.635366e+003,2.286001e-001
1.637294e+003,2.401657e-001
1.639223e+003,2.434112e-001
1.641151e+003,2.421932e-001
1.643080e+003,2.355143e-001
1.645008e+003,2.204855e-001
1.646937e+003,2.096175e-001
1.648865e+003,2.215466e-001
1.650794e+003,2.109664e-001
1.652722e+003,1.893750e-001
1.654651e+003,2.154625e-001
1.656579e+003,2.231762e-001
1.658508e+003,2.222654e-001
1.660436e+003,2.167847e-001
1.662365e+003,2.097123e-001
1.664293e+003,2.167390e-001
1.666222e+003,2.138303e-001
1.668150e+003,2.017700e-001
1.670079e+003,1.986886e-001
1.672007e+003,2.057256e-001
1.673936e+003,1.998452e-001
1.675864e+003,2.040270e-001
1.677793e+003,2.061877e-001
1.679721e+003,2.016337e-001
1.681650e+003,1.920222e-001
1.683578e+003,1.735089e-001
1.685507e+003,1.921568e-001
1.687435e+003,1.962966e-001
1.689364e+003,1.949701e-001
1.691292e+003,1.984817e-001
1.693220e+003,1.933994e-001
1.695149e+003,1.822857e-001
1.697078e+003,1.846411e-001
1.699006e+003,1.768081e-001
1.700934e+003,1.907380e-001
1.702863e+003,1.963767e-001
1.704792e+003,1.901782e-001
1.706720e+003,1.985017e-001
1.708648e+003,2.048817e-001
1.710577e+003,2.093259e-001
1.712505e+003,2.099174e-001
1.714434e+003,2.074788e-001
1.716362e+003,2.050651e-001
1.718291e+003,2.181993e-001
1.720219e+003,2.293139e-001
1.722148e+003,2.235945e-001
1.724076e+003,2.190708e-001
1.726005e+003,2.172000e-001
1.727933e+003,2.134111e-001
1.729862e+003,2.106800e-001
1.731790e+003,2.046785e-001
1.733719e+003,1.976297e-001
1.735647e+003,2.158427e-001
1.737576e+003,2.142942e-001
1.739504e+003,2.110996e-001
1.741433e+003,2.092816e-001
1.743361e+003,1.997574e-001
1.745290e+003,1.904340e-001
1.747218e+003,1.783151e-001
1.749147e+003,1.709344e-001
1.751075e+003,1.712567e-001
1.753004e+003,1.756599e-001
1.754932e+003,1.700024e-001
1.756861e+003,1.671804e-001
1.758789e+003,1.680409e-001
1.760718e+003,1.630188e-001
1.762646e+003,1.663663e-001
1.764575e+003,1.704425e-001
1.766503e+003,1.669951e-001
1.768432e+003,1.654918e-001
1.770360e+003,1.564924e-001
1.772289e+003,1.525250e-001
1.774217e+003,1.614920e-001
1.776146e+003,1.629355e-001
1.778074e+003,1.598707e-001
1.780003e+003,1.538364e-001
1.781931e+003,1.529366e-001
1.783860e+003,1.494827e-001
1.785788e+003,1.474454e-001
1.787717e+003,1.449077e-001
1.789645e+003,1.371484e-001
1.791574e+003,1.281065e-001
1.793502e+003,1.312853e-001
1.795431e+003,1.323248e-001
1.797359e+003,1.293587e-001
1.799288e+003,1.244591e-001
1.801216e+003,1.244636e-001
1.803145e+003,1.265580e-001
1.805073e+003,1.257009e-001
1.807002e+003,1.236777e-001
1.808930e+003,1.200915e-001
1.810859e+003,1.184909e-001
1.812787e+003,1.209835e-001
1.814716e+003,1.212838e-001
1.816644e+003,1.207369e-001
1.818573e+003,1.213484e-001
1.820501e+003,1.217306e-001
1.822430e+003,1.199568e-001
1.824358e+003,1.164673e-001
1.826287e+003,1.184863e-001
1.828215e+003,1.127924e-001
1.830144e+003,1.117076e-001
1.832072e+003,1.174168e-001
1.834001e+003,1.169153e-001
1.835929e+003,1.153131e-001
1.837858e+003,1.148020e-001
1.839786e+003,1.154862e-001
1.841715e+003,1.109952e-001
1.843643e+003,1.059023e-001
1.845572e+003,1.105722e-001
1.847500e+003,1.117362e-001
1.849429e+003,1.120489e-001
1.851357e+003,1.113697e-001
1.853286e+003,1.107146e-001
1.855214e+003,1.103549e-001
1.857143e+003,1.098484e-001
1.859071e+003,1.098873e-001
1.861000e+003,1.105466e-001
1.862928e+003,1.110539e-001
1.864857e+003,1.094139e-001
1.866785e+003,1.037326e-001
1.868714e+003,1.025774e-001
1.870642e+003,1.095004e-001
1.872571e+003,1.110029e-001
1.874499e+003,1.101177e-001
1.876428e+003,1.090180e-001
1.878356e+003,1.079944e-001
1.880285e+003,1.071414e-001
1.882213e+003,1.058732e-001
1.884142e+003,1.046491e-001
1.886070e+003,1.043056e-001
1.887999e+003,1.014249e-001
1.889927e+003,1.018867e-001
1.891856e+003,1.050034e-001
1.893784e+003,1.042694e-001
1.895713e+003,1.055913e-001
1.897641e+003,1.076597e-001
1.899570e+003,1.091607e-001
1.901498e+003,1.101541e-001
1.903427e+003,1.112696e-001
1.905355e+003,1.122652e-001
1.907284e+003,1.124815e-001
1.909212e+003,1.131975e-001
1.911141e+003,1.161989e-001
1.913069e+003,1.189798e-001
1.914998e+003,1.204524e-001
1.916926e+003,1.196325e-001
1.918855e+003,1.243628e-001
1.920783e+003,1.259675e-001
1.922712e+003,1.252684e-001
1.924640e+003,1.269901e-001
1.926569e+003,1.266723e-001
1.928497e+003,1.260084e-001
1.930426e+003,1.257026e-001
1.932354e+003,1.261212e-001
1.934283e+003,1.275844e-001
1.936211e+003,1.296795e-001
1.938140e+003,1.327806e-001
1.940068e+003,1.344770e-001
1.941997e+003,1.363408e-001
1.943925e+003,1.424397e-001
1.945854e+003,1.465996e-001
1.947782e+003,1.500911e-001
1.949711e+003,1.523066e-001
1.951639e+003,1.539410e-001
1.953568e+003,1.546639e-001
1.955496e+003,1.556975e-001
1.957425e+003,1.565770e-001
1.959353e+003,1.576778e-001
1.961282e+003,1.590402e-001
1.963210e+003,1.601290e-001
1.965139e+003,1.594282e-001
1.967067e+003,1.588607e-001
1.968996e+003,1.600559e-001
1.970924e+003,1.603387e-001
1.972853e+003,1.615576e-001
1.974781e+003,1.637217e-001
1.976710e+003,1.677236e-001
1.978638e+003,1.725211e-001
1.980567e+003,1.777815e-001
1.982495e+003,1.820465e-001
1.984424e+003,1.842428e-001
1.986352e+003,1.835701e-001
1.988281e+003,1.813828e-001
1.990209e+003,1.782451e-001
1.992138e+003,1.760271e-001
1.994066e+003,1.762689e-001
1.995995e+003,1.753909e-001
1.997923e+003,1.756907e-001
1.999852e+003,1.773262e-001
2.001780e+003,1.802200e-001
2.003708e+003,1.840941e-001
2.005637e+003,1.885234e-001
2.007566e+003,1.935082e-001
2.009494e+003,1.982495e-001
2.011422e+003,2.026894e-001
2.013351e+003,2.060029e-001
2.015280e+003,2.086195e-001
2.017208e+003,2.116417e-001
2.019136e+003,2.157478e-001
2.021065e+003,2.197004e-001
2.022994e+003,2.238866e-001
2.024922e+003,2.283356e-001
2.026850e+003,2.317864e-001
2.028779e+003,2.348217e-001
2.030708e+003,2.368733e-001
2.032636e+003,2.387683e-001
2.034564e+003,2.399437e-001
2.036493e+003,2.412693e-001
2.038422e+003,2.424091e-001
2.040350e+003,2.431994e-001
2.042278e+003,2.451589e-001
2.044207e+003,2.471137e-001
2.046135e+003,2.500418e-001
2.048064e+003,2.527150e-001
2.049992e+003,2.557612e-001
2.051921e+003,2.577504e-001
2.053849e+003,2.594849e-001
2.055778e+003,2.605895e-001
2.057707e+003,2.615116e-001
2.059635e+003,2.628081e-001
2.061563e+003,2.635696e-001
2.063492e+003,2.639098e-001
2.065420e+003,2.631868e-001
2.067349e+003,2.624816e-001
2.069277e+003,2.605217e-001
2.071206e+003,2.586065e-001
2.073135e+003,2.568179e-001
2.075063e+003,2.553510e-001
2.076991e+003,2.548078e-001
2.078920e+003,2.544643e-001
2.080848e+003,2.553440e-001
2.082777e+003,2.561878e-001
2.084705e+003,2.584004e-001
2.086634e+003,2.608230e-001
2.088563e+003,2.641427e-001
2.090491e+003,2.681857e-001
2.092419e+003,2.718307e-001
2.094348e+003,2.752639e-001
2.096276e+003,2.774772e-001
2.098205e+003,2.798865e-001
2.100133e+003,2.806201e-001
2.102062e+003,2.813693e-001
2.103990e+003,2.815054e-001
2.105919e+003,2.819630e-001
2.107847e+003,2.833787e-001
2.109776e+003,2.849141e-001
2.111704e+003,2.874797e-001
2.113633e+003,2.894061e-001
2.115561e+003,2.918570e-001
2.117490e+003,2.928761e-001
2.119418e+003,2.935671e-001
2.121347e+003,2.930386e-001
2.123275e+003,2.920173e-001
2.125204e+003,2.918392e-001
2.127132e+003,2.921847e-001
2.129061e+003,2.947992e-001
2.130989e+003,2.976196e-001
2.132918e+003,3.020521e-001
2.134846e+003,3.055941e-001
2.136775e+003,3.084142e-001
2.138703e+003,3.095794e-001
2.140632e+003,3.081773e-001
2.142560e+003,3.053706e-001
2.144489e+003,3.000849e-001
2.146417e+003,2.953334e-001
2.148346e+003,2.897851e-001
2.150274e+003,2.856260e-001
2.152203e+003,2.820752e-001
2.154131e+003,2.794722e-001
2.156060e+003,2.777545e-001
2.157988e+003,2.758081e-001
2.159917e+003,2.750278e-001
2.161845e+003,2.730460e-001
2.163774e+003,2.724923e-001
2.165702e+003,2.712292e-001
2.167631e+003,2.706844e-001
2.169559e+003,2.703294e-001
2.171488e+003,2.704621e-001
2.173416e+003,2.721906e-001
2.175345e+003,2.733539e-001
2.177273e+003,2.764767e-001
2.179202e+003,2.786944e-001
2.181130e+003,2.823396e-001
2.183059e+003,2.849376e-001
2.184987e+003,2.872084e-001
2.186916e+003,2.889785e-001
2.188844e+003,2.891519e-001
2.190773e+003,2.901912e-001
2.192701e+003,2.895063e-001
2.194630e+003,2.908621e-001
2.196558e+003,2.910146e-001
2.198487e+003,2.920512e-001
2.200415e+003,2.927322e-001
2.202344e+003,2.926073e-001
2.204272e+003,2.930126e-001
2.206201e+003,2.912162e-001
2.208129e+003,2.905737e-001
2.210058e+003,2.881984e-001
2.211986e+003,2.878987e-001
2.213915e+003,2.875175e-001
2.215843e+003,2.885836e-001
2.217772e+003,2.915541e-001
2.219700e+003,2.944353e-001
2.221629e+003,2.994865e-001
2.223557e+003,3.029228e-001
2.225486e+003,3.079307e-001
2.227414e+003,3.105610e-001
2.229343e+003,3.129236e-001
2.231271e+003,3.137014e-001
2.233200e+003,3.126560e-001
2.235128e+003,3.118470e-001
2.237057e+003,3.092892e-001
2.238985e+003,3.087003e-001
2.240914e+003,3.059572e-001
2.242842e+003,3.047001e-001
2.244771e+003,3.026767e-001
2.246699e+003,3.009651e-001
2.248628e+003,3.003499e-001
2.250556e+003,2.992528e-001
2.252485e+003,3.007087e-001
2.254413e+003,3.006980e-001
2.256342e+003,3.027185e-001
2.258270e+003,3.030602e-001
2.260199e+003,3.039440e-001
2.262127e+003,3.042684e-001
2.264056e+003,3.034648e-001
2.265984e+003,3.039514e-001
2.267913e+003,3.024749e-001
2.269841e+003,3.034090e-001
2.271770e+003,3.030960e-001
2.273698e+003,3.050210e-001
2.275627e+003,3.068720e-001
2.277555e+003,3.083012e-001
2.279484e+003,3.104235e-001
2.281412e+003,3.107913e-001
2.283341e+003,3.128860e-001
2.285269e+003,3.125643e-001
2.287198e+003,3.134872e-001
2.289126e+003,3.127624e-001
2.291055e+003,3.120494e-001
2.292983e+003,3.121842e-001
2.294912e+003,3.111075e-001
2.296840e+003,3.120734e-001
2.298769e+003,3.114154e-001
2.300697e+003,3.133397e-001
2.302625e+003,3.149498e-001
2.304554e+003,3.179145e-001
2.306483e+003,3.212501e-001
2.308411e+003,3.237651e-001
2.310340e+003,3.278514e-001
2.312268e+003,3.300060e-001
2.314197e+003,3.338264e-001
2.316125e+003,3.359239e-001
2.318053e+003,3.388688e-001
2.319982e+003,3.407918e-001
2.321911e+003,3.413976e-001
2.323839e+003,3.431773e-001
2.325768e+003,3.428267e-001
2.327696e+003,3.430760e-001
2.329625e+003,3.410450e-001
2.331553e+003,3.401470e-001
2.333481e+003,3.381904e-001
2.335410e+003,3.358941e-001
2.337339e+003,3.348298e-001
2.339267e+003,3.325886e-001
2.341196e+003,3.327485e-001
2.343124e+003,3.319155e-001
2.345052e+003,3.354435e-001
2.346981e+003,3.417749e-001
2.348909e+003,3.454615e-001
2.350838e+003,3.426178e-001
2.352767e+003,3.367828e-001
2.354695e+003,3.337021e-001
2.356624e+003,3.303676e-001
2.358552e+003,3.296575e-001
2.360480e+003,3.288355e-001
2.362409e+003,3.298367e-001
2.364337e+003,3.317072e-001
2.366266e+003,3.339049e-001
2.368195e+003,3.386753e-001
2.370123e+003,3.423854e-001
2.372052e+003,3.489004e-001
2.373980e+003,3.540266e-001
2.375908e+003,3.602938e-001
2.377837e+003,3.657360e-001
2.379765e+003,3.698126e-001
2.381694e+003,3.743254e-001
2.383623e+003,3.765408e-001
2.385551e+003,3.802343e-001
2.387479e+003,3.825505e-001
2.389408e+003,3.859458e-001
2.391336e+003,3.897645e-001
2.393265e+003,3.938589e-001
2.395193e+003,3.992623e-001
2.397122e+003,4.030057e-001
2.399051e+003,4.085488e-001
2.400979e+003,4.123778e-001
2.402907e+003,4.172622e-001
2.404836e+003,4.218636e-001
2.406764e+003,4.264059e-001
2.408693e+003,4.317959e-001
2.410621e+003,4.351377e-001
2.412550e+003,4.393576e-001
2.414479e+003,4.410926e-001
2.416407e+003,4.426416e-001
2.418335e+003,4.427807e-001
2.420264e+003,4.425789e-001
2.422192e+003,4.433155e-001
2.424121e+003,4.421857e-001
2.426049e+003,4.429483e-001
2.427978e+003,4.425784e-001
2.429906e+003,4.436655e-001
2.431835e+003,4.447850e-001
2.433763e+003,4.463842e-001
2.435692e+003,4.496115e-001
2.437620e+003,4.521491e-001
2.439549e+003,4.568995e-001
2.441477e+003,4.611366e-001
2.443406e+003,4.664987e-001
2.445334e+003,4.713826e-001
2.447263e+003,4.764300e-001
2.449191e+003,4.820817e-001
2.451120e+003,4.867247e-001
2.453048e+003,4.928351e-001
2.454977e+003,4.967049e-001
2.456905e+003,5.019292e-001
2.458834e+003,5.066661e-001
2.460762e+003,5.111436e-001
2.462691e+003,5.159783e-001
2.464619e+003,5.194472e-001
2.466548e+003,5.235928e-001
2.468476e+003,5.253458e-001
2.470405e+003,5.268709e-001
2.472333e+003,5.269403e-001
2.474262e+003,5.262340e-001
2.476190e+003,5.257341e-001
2.478119e+003,5.241956e-001
2.480047e+003,5.241494e-001
2.481976e+003,5.228322e-001
2.483904e+003,5.234298e-001
2.485833e+003,5.243478e-001
2.487761e+003,5.258546e-001
2.489690e+003,5.284847e-001
2.491618e+003,5.300863e-001
2.493547e+003,5.326364e-001
2.495475e+003,5.333754e-001
2.497404e+003,5.346045e-001
2.499332e+003,5.346802e-001
2.501261e+003,5.337092e-001
2.503189e+003,5.337595e-001
2.505118e+003,5.330328e-001
2.507046e+003,5.333531e-001
2.508975e+003,5.328527e-001
2.510903e+003,5.342117e-001
2.512832e+003,5.356476e-001
2.514760e+003,5.375395e-001
2.516689e+003,5.400985e-001
2.518617e+003,5.417209e-001
2.520546e+003,5.440306e-001
2.522474e+003,5.444820e-001
2.524403e+003,5.453959e-001
2.526331e+003,5.452632e-001
2.528260e+003,5.443040e-001
2.530188e+003,5.442957e-001
2.532117e+003,5.426041e-001
2.534045e+003,5.421431e-001
2.535974e+003,5.411578e-001
2.537902e+003,5.411760e-001
2.539831e+003,5.406261e-001
2.541759e+003,5.398328e-001
2.543688e+003,5.395390e-001
2.545616e+003,5.380322e-001
2.547545e+003,5.376014e-001
2.549473e+003,5.356454e-001
2.551402e+003,5.341805e-001
2.553330e+003,5.330923e-001
2.555259e+003,5.322276e-001
2.557187e+003,5.327312e-001
2.559116e+003,5.333071e-001
2.561044e+003,5.357670e-001
2.562973e+003,5.377814e-001
2.564901e+003,5.414640e-001
2.566830e+003,5.459696e-001
2.568758e+003,5.503970e-001
2.570687e+003,5.558106e-001
2.572615e+003,5.600302e-001
2.574544e+003,5.649906e-001
2.576472e+003,5.691261e-001
2.578401e+003,5.737163e-001
2.580329e+003,5.785159e-001
2.582258e+003,5.826643e-001
2.584186e+003,5.871099e-001
2.586115e+003,5.896264e-001
2.588043e+003,5.930862e-001
2.589972e+003,5.951762e-001
2.591900e+003,5.977955e-001
2.593829e+003,6.017847e-001
2.595757e+003,6.068003e-001
2.597686e+003,6.141340e-001
2.599614e+003,6.205679e-001
2.601543e+003,6.285399e-001
2.603471e+003,6.367451e-001
2.605400e+003,6.440783e-001
2.607328e+003,6.508657e-001
2.609257e+003,6.565462e-001
2.611185e+003,6.618342e-001
2.613114e+003,6.647615e-001
2.615042e+003,6.680585e-001
2.616971e+003,6.703032e-001
2.618899e+003,6.723512e-001
2.620828e+003,6.747457e-001
2.622756e+003,6.772718e-001
2.624685e+003,6.812162e-001
2.626613e+003,6.843919e-001
2.628542e+003,6.882104e-001
2.630470e+003,6.915849e-001
2.632399e+003,6.947361e-001
2.634327e+003,6.976494e-001
2.636256e+003,6.988658e-001
2.638184e+003,7.004471e-001
2.640113e+003,7.003635e-001
2.642041e+003,6.999205e-001
2.643969e+003,6.983933e-001
2.645898e+003,6.958758e-001
2.647827e+003,6.937262e-001
2.649755e+003,6.903950e-001
2.651684e+003,6.888171e-001
2.653612e+003,6.878305e-001
2.655541e+003,6.881881e-001
2.657469e+003,6.900672e-001
2.659397e+003,6.921534e-001
2.661326e+003,6.961733e-001
2.663255e+003,6.997688e-001
2.665183e+003,7.047443e-001
2.667112e+003,7.093399e-001
2.669040e+003,7.143739e-001
2.670969e+003,7.192450e-001
2.672897e+003,7.230719e-001
2.674825e+003,7.284669e-001
2.676754e+003,7.332163e-001
2.678683e+003,7.383088e-001
2.680611e+003,7.433887e-001
2.682540e+003,7.491949e-001
2.684468e+003,7.554750e-001
2.686396e+003,7.606428e-001
2.688325e+003,7.672594e-001
2.690253e+003,7.723432e-001
2.692182e+003,7.769349e-001
2.694111e+003,7.804058e-001
2.696039e+003,7.827846e-001
2.697968e+003,7.843908e-001
2.699896e+003,7.844376e-001
2.701824e+003,7.848234e-001
2.703753e+003,7.843550e-001
2.705681e+003,7.839261e-001
2.707610e+003,7.840750e-001
2.709539e+003,7.841588e-001
2.711467e+003,7.855673e-001
2.713396e+003,7.856851e-001
2.715324e+003,7.865384e-001
2.717252e+003,7.873249e-001
2.719181e+003,7.889334e-001
2.721109e+003,7.903572e-001
2.723038e+003,7.916285e-001
2.724967e+003,7.944755e-001
2.726895e+003,7.966121e-001
2.728823e+003,7.988584e-001
2.730752e+003,8.002587e-001
2.732680e+003,8.016498e-001
2.734609e+003,8.035154e-001
2.736537e+003,8.042571e-001
2.738466e+003,8.053039e-001
2.740395e+003,8.053989e-001
2.742323e+003,8.069543e-001
2.744251e+003,8.084251e-001
2.746180e+003,8.111367e-001
2.748108e+003,8.148426e-001
2.750037e+003,8.178514e-001
2.751965e+003,8.222458e-001
2.753894e+003,8.266076e-001
2.755823e+003,8.318699e-001
2.757751e+003,8.365523e-001
2.759679e+003,8.397120e-001
2.761608e+003,8.431653e-001
2.763536e+003,8.446709e-001
2.765465e+003,8.466120e-001
2.767393e+003,8.473926e-001
2.769322e+003,8.483884e-001
2.771250e+003,8.488378e-001
2.773179e+003,8.482011e-001
2.775107e+003,8.478525e-001
2.777036e+003,8.478754e-001
2.778964e+003,8.489549e-001
2.780893e+003,8.492171e-001
2.782821e+003,8.509647e-001
2.784750e+003,8.547550e-001
2.786678e+003,8.577737e-001
2.788607e+003,8.627762e-001
2.790535e+003,8.678340e-001
2.792464e+003,8.751485e-001
2.794392e+003,8.825694e-001
2.796321e+003,8.893100e-001
2.798249e+003,8.963030e-001
2.800178e+003,9.021006e-001
2.802106e+003,9.065224e-001
2.804035e+003,9.088691e-001
2.805963e+003,9.114499e-001
2.807892e+003,9.143814e-001
2.809820e+003,9.166525e-001
2.811749e+003,9.200687e-001
2.813677e+003,9.227172e-001
2.815606e+003,9.275176e-001
2.817534e+003,9.326772e-001
2.819463e+003,9.377370e-001
2.821391e+003,9.432617e-001
2.823320e+003,9.479877e-001
2.825248e+003,9.535940e-001
2.827177e+003,9.586836e-001
2.829105e+003,9.639602e-001
2.831034e+003,9.688377e-001
2.832962e+003,9.748992e-001
2.834891e+003,9.825490e-001
2.836819e+003,9.889287e-001
2.838748e+003,9.964478e-001
2.840676e+003,1.004806e+000
2.842605e+003,1.015239e+000
2.844533e+003,1.024922e+000
2.846462e+003,1.031568e+000
2.848390e+003,1.035037e+000
2.850319e+003,1.041230e+000
2.852247e+003,1.052776e+000
2.854176e+003,1.066390e+000
2.856104e+003,1.080478e+000
2.858033e+003,1.092739e+000
2.859961e+003,1.101862e+000
2.861890e+003,1.109492e+000
2.863818e+003,1.115496e+000
2.865747e+003,1.120191e+000
2.867675e+003,1.121787e+000
2.869604e+003,1.122122e+000
2.871532e+003,1.122752e+000
2.873461e+003,1.125344e+000
2.875389e+003,1.135211e+000
2.877318e+003,1.154130e+000
2.879246e+003,1.181854e+000
2.881175e+003,1.215058e+000
2.883103e+003,1.244540e+000
2.885032e+003,1.258255e+000
2.886960e+003,1.257442e+000
2.888889e+003,1.256715e+000
2.890817e+003,1.263374e+000
2.892746e+003,1.284926e+000
2.894674e+003,1.324543e+000
2.896603e+003,1.371583e+000
2.898531e+003,1.389704e+000
2.900460e+003,1.360125e+000
2.902388e+003,1.316391e+000
2.904317e+003,1.282309e+000
2.906245e+003,1.261700e+000
2.908174e+003,1.252904e+000
2.910102e+003,1.247675e+000
2.912031e+003,1.245031e+000
2.913959e+003,1.240678e+000
2.915888e+003,1.231746e+000
2.917816e+003,1.215502e+000
2.919745e+003,1.193249e+000
2.921673e+003,1.170082e+000
2.923602e+003,1.152896e+000
2.925530e+003,1.137917e+000
2.927459e+003,1.121165e+000
2.929387e+003,1.104205e+000
2.931316e+003,1.083797e+000
2.933244e+003,1.055775e+000
2.935173e+003,1.024020e+000
2.937101e+003,9.932112e-001
2.939030e+003,9.682842e-001
2.940958e+003,9.472730e-001
2.942887e+003,9.305472e-001
2.944815e+003,9.172654e-001
2.946744e+003,9.078899e-001
2.948672e+003,9.029564e-001
2.950601e+003,8.987666e-001
2.952529e+003,8.954025e-001
2.954458e+003,8.945392e-001
2.956386e+003,8.958033e-001
2.958315e+003,8.982912e-001
2.960243e+003,9.008068e-001
2.962172e+003,9.076495e-001
2.964100e+003,9.212542e-001
2.966029e+003,9.484888e-001
2.967957e+003,9.891084e-001
2.969885e+003,1.021387e+000
2.971814e+003,1.020111e+000
2.973743e+003,9.922189e-001
2.975671e+003,9.666296e-001
2.977600e+003,9.570482e-001
2.979528e+003,9.703378e-001
2.981457e+003,1.005534e+000
2.983385e+003,1.022176e+000
2.985313e+003,9.891782e-001
2.987242e+003,9.386647e-001
2.989171e+003,8.989722e-001
2.991099e+003,8.715134e-001
2.993028e+003,8.538889e-001
2.994956e+003,8.441955e-001
2.996885e+003,8.382552e-001
2.998813e+003,8.345150e-001
3.000741e+003,8.319108e-001
3.002670e+003,8.300717e-001
3.004599e+003,8.290884e-001
3.006527e+003,8.291981e-001
3.008456e+003,8.303233e-001
3.010384e+003,8.301833e-001
3.012313e+003,8.307481e-001
3.014241e+003,8.319539e-001
3.016169e+003,8.331409e-001
3.018098e+003,8.347041e-001
3.020027e+003,8.358061e-001
3.021955e+003,8.369756e-001
3.023884e+003,8.382628e-001
3.025812e+003,8.402938e-001
3.027740e+003,8.429969e-001
3.029669e+003,8.451231e-001
3.031597e+003,8.472821e-001
3.033526e+003,8.487620e-001
3.035455e+003,8.508234e-001
3.037383e+003,8.538657e-001
3.039312e+003,8.575471e-001
3.041240e+003,8.612264e-001
3.043168e+003,8.630890e-001
3.045097e+003,8.656146e-001
3.047025e+003,8.688000e-001
3.048954e+003,8.721511e-001
3.050883e+003,8.758668e-001
3.052811e+003,8.795809e-001
3.054740e+003,8.834231e-001
3.056668e+003,8.867583e-001
3.058596e+003,8.909995e-001
3.060525e+003,8.954665e-001
3.062453e+003,9.003053e-001
3.064382e+003,9.047203e-001
3.066311e+003,9.079115e-001
3.068239e+003,9.129325e-001
3.070167e+003,9.185843e-001
3.072096e+003,9.234608e-001
3.074024e+003,9.290761e-001
3.075953e+003,9.339280e-001
3.077881e+003,9.390259e-001
3.079810e+003,9.445197e-001
3.081739e+003,9.503737e-001
3.083667e+003,9.562356e-001
3.085595e+003,9.628399e-001
3.087524e+003,9.686212e-001
3.089452e+003,9.740882e-001
3.091381e+003,9.806119e-001
3.093309e+003,9.860301e-001
3.095238e+003,9.919776e-001
3.097167e+003,9.989702e-001
3.099095e+003,1.004538e+000
3.101023e+003,1.011739e+000
3.102952e+003,1.020419e+000
3.104880e+003,1.028353e+000
3.106809e+003,1.035015e+000
3.108737e+003,1.041250e+000
3.110666e+003,1.048496e+000
3.112594e+003,1.057426e+000
3.114523e+003,1.064498e+000
3.116451e+003,1.070446e+000
3.118380e+003,1.078292e+000
3.120308e+003,1.085057e+000
3.122237e+003,1.091587e+000
3.124165e+003,1.099574e+000
3.126094e+003,1.106703e+000
3.128022e+003,1.114003e+000
3.129951e+003,1.120748e+000
3.131879e+003,1.129218e+000
3.133808e+003,1.137741e+000
3.135736e+003,1.144312e+000
3.137665e+003,1.151622e+000
3.139593e+003,1.158267e+000
3.141522e+003,1.165236e+000
3.143450e+003,1.172678e+000
3.145379e+003,1.179323e+000
3.147307e+003,1.187423e+000
3.149236e+003,1.195961e+000
3.151164e+003,1.203598e+000
3.153093e+003,1.210257e+000
3.155021e+003,1.218653e+000
3.156950e+003,1.225959e+000
3.158878e+003,1.235844e+000
3.160807e+003,1.247340e+000
3.162735e+003,1.254285e+000
3.164664e+003,1.260054e+000
3.166592e+003,1.268500e+000
3.168521e+003,1.278289e+000
3.170449e+003,1.287653e+000
3.172378e+003,1.297835e+000
3.174306e+003,1.308194e+000
3.176235e+003,1.315972e+000
3.178163e+003,1.325346e+000
3.180092e+003,1.333927e+000
3.182020e+003,1.343125e+000
3.183949e+003,1.353456e+000
3.185877e+003,1.362836e+000
3.187806e+003,1.371149e+000
3.189734e+003,1.378109e+000
3.191663e+003,1.385004e+000
3.193591e+003,1.392673e+000
3.195520e+003,1.398572e+000
3.197448e+003,1.405770e+000
3.199377e+003,1.413510e+000
3.201305e+003,1.418248e+000
3.203234e+003,1.421421e+000
3.205162e+003,1.426333e+000
3.207091e+003,1.432278e+000
3.209019e+003,1.438717e+000
3.210948e+003,1.442851e+000
3.212876e+003,1.444777e+000
3.214805e+003,1.443974e+000
3.216733e+003,1.444540e+000
3.218662e+003,1.447837e+000
3.220590e+003,1.454072e+000
3.222519e+003,1.458377e+000
3.224447e+003,1.463102e+000
3.226376e+003,1.466636e+000
3.228304e+003,1.467724e+000
3.230233e+003,1.469439e+000
3.232161e+003,1.469271e+000
3.234090e+003,1.474283e+000
3.236018e+003,1.476798e+000
3.237947e+003,1.477606e+000
3.239875e+003,1.481278e+000
3.241804e+003,1.486906e+000
3.243732e+003,1.492376e+000
3.245661e+003,1.493895e+000
3.247589e+003,1.497151e+000
3.249518e+003,1.503938e+000
3.251446e+003,1.507802e+000
3.253375e+003,1.515735e+000
3.255303e+003,1.522834e+000
3.257232e+003,1.526628e+000
3.259160e+003,1.529642e+000
3.261089e+003,1.534966e+000
3.263017e+003,1.538866e+000
3.264946e+003,1.543176e+000
3.266874e+003,1.550315e+000
3.268803e+003,1.555799e+000
3.270731e+003,1.562169e+000
3.272660e+003,1.570283e+000
3.274588e+003,1.572753e+000
3.276517e+003,1.578796e+000
3.278445e+003,1.588841e+000
3.280374e+003,1.598453e+000
3.282302e+003,1.605561e+000
3.284231e+003,1.614599e+000
3.286159e+003,1.623472e+000
3.288088e+003,1.630229e+000
3.290016e+003,1.633116e+000
3.291945e+003,1.635859e+000
3.293873e+003,1.642000e+000
3.295802e+003,1.644039e+000
3.297730e+003,1.646407e+000
3.299659e+003,1.653941e+000
3.301587e+003,1.658377e+000
3.303516e+003,1.659498e+000
3.305444e+003,1.664933e+000
3.307373e+003,1.672144e+000
3.309301e+003,1.671457e+000
3.311229e+003,1.670363e+000
3.313158e+003,1.674842e+000
3.315087e+003,1.679678e+000
3.317015e+003,1.683167e+000
3.318944e+003,1.682896e+000
3.320872e+003,1.682086e+000
3.322801e+003,1.688482e+000
3.324729e+003,1.692101e+000
3.326657e+003,1.698950e+000
3.328586e+003,1.704161e+000
3.330515e+003,1.708418e+000
3.332443e+003,1.711041e+000
3.334372e+003,1.713872e+000
3.336300e+003,1.712431e+000
3.338229e+003,1.720380e+000
3.340157e+003,1.733568e+000
3.342085e+003,1.737123e+000
3.344014e+003,1.746373e+000
3.345943e+003,1.755129e+000
3.347871e+003,1.753847e+000
3.349800e+003,1.755153e+000
3.351728e+003,1.760375e+000
3.353656e+003,1.766453e+000
3.355585e+003,1.775111e+000
3.357513e+003,1.783798e+000
3.359442e+003,1.790882e+000
3.361371e+003,1.797110e+000
3.363299e+003,1.799260e+000
3.365228e+003,1.798355e+000
3.367156e+003,1.790778e+000
3.369084e+003,1.791893e+000
3.371013e+003,1.805243e+000
3.372941e+003,1.824859e+000
3.374870e+003,1.826718e+000
3.376799e+003,1.824398e+000
3.378727e+003,1.827802e+000
3.380656e+003,1.833822e+000
3.382584e+003,1.844252e+000
3.384512e+003,1.849845e+000
3.386441e+003,1.845086e+000
3.388369e+003,1.842431e+000
3.390298e+003,1.833011e+000
3.392227e+003,1.839032e+000
3.394155e+003,1.841769e+000
3.396083e+003,1.842783e+000
3.398012e+003,1.844954e+000
3.399940e+003,1.843050e+000
3.401869e+003,1.844945e+000
3.403797e+003,1.857004e+000
3.405726e+003,1.853628e+000
3.407655e+003,1.847427e+000
3.409583e+003,1.843931e+000
3.411511e+003,1.849158e+000
3.413440e+003,1.854557e+000
3.415368e+003,1.865543e+000
3.417297e+003,1.868827e+000
3.419225e+003,1.876491e+000
3.421154e+003,1.884124e+000
3.423082e+003,1.892579e+000
3.425011e+003,1.905263e+000
3.426939e+003,1.923440e+000
3.428868e+003,1.929969e+000
3.430796e+003,1.936791e+000
3.432725e+003,1.942596e+000
3.434653e+003,1.951605e+000
3.436582e+003,1.955527e+000
3.438510e+003,1.952127e+000
3.440439e+003,1.949916e+000
3.442367e+003,1.948838e+000
3.444296e+003,1.932801e+000
3.446224e+003,1.919841e+000
3.448153e+003,1.911143e+000
3.450081e+003,1.905708e+000
3.452010e+003,1.892556e+000
3.453938e+003,1.886314e+000
3.455867e+003,1.869114e+000
3.457795e+003,1.856888e+000
3.459724e+003,1.848159e+000
3.461652e+003,1.840650e+000
3.463581e+003,1.824294e+000
3.465509e+003,1.810761e+000
3.467438e+003,1.788190e+000
3.469366e+003,1.782510e+000
3.471295e+003,1.780224e+000
3.473223e+003,1.766307e+000
3.475152e+003,1.743484e+000
3.477080e+003,1.726755e+000
3.479009e+003,1.705991e+000
3.480937e+003,1.683614e+000
3.482866e+003,1.659642e+000
3.484794e+003,1.640730e+000
3.486723e+003,1.612968e+000
3.488651e+003,1.594736e+000
3.490580e+003,1.575760e+000
3.492508e+003,1.554088e+000
3.494437e+003,1.528432e+000
3.496365e+003,1.503697e+000
3.498294e+003,1.478260e+000
3.500222e+003,1.456429e+000
3.502151e+003,1.432833e+000
3.504079e+003,1.414538e+000
3.506008e+003,1.392587e+000
3.507936e+003,1.369382e+000
3.509865e+003,1.347099e+000
3.511793e+003,1.326705e+000
3.513722e+003,1.306000e+000
3.515650e+003,1.289783e+000
3.517579e+003,1.269279e+000
3.519507e+003,1.249120e+000
3.521436e+003,1.227825e+000
3.523364e+003,1.205716e+000
3.525293e+003,1.184774e+000
3.527221e+003,1.167204e+000
3.529150e+003,1.147862e+000
3.531078e+003,1.132281e+000
3.533007e+003,1.116747e+000
3.534935e+003,1.099439e+000
3.536864e+003,1.081659e+000
3.538792e+003,1.066641e+000
3.540721e+003,1.048841e+000
3.542649e+003,1.031031e+000
3.544578e+003,1.011978e+000
3.546506e+003,9.964819e-001
3.548435e+003,9.831277e-001
3.550363e+003,9.661327e-001
3.552292e+003,9.481388e-001
3.554220e+003,9.354345e-001
3.556149e+003,9.222289e-001
3.558077e+003,9.090384e-001
3.560006e+003,8.936127e-001
3.561934e+003,8.789094e-001
3.563863e+003,8.619004e-001
3.565791e+003,8.421091e-001
3.567720e+003,8.305010e-001
3.569648e+003,8.257967e-001
3.571577e+003,8.161826e-001
3.573505e+003,8.035816e-001
3.575434e+003,7.912088e-001
3.577362e+003,7.817656e-001
3.579291e+003,7.719033e-001
3.581219e+003,7.626334e-001
3.583148e+003,7.516721e-001
3.585076e+003,7.358803e-001
3.587005e+003,7.197297e-001
3.588933e+003,7.191822e-001
3.590862e+003,7.145515e-001
3.592790e+003,7.039220e-001
3.594719e+003,6.945966e-001
3.596647e+003,6.889792e-001
3.598576e+003,6.804247e-001
3.600504e+003,6.732756e-001
3.602433e+003,6.689432e-001
3.604361e+003,6.617477e-001
3.606290e+003,6.478196e-001
3.608218e+003,6.380098e-001
3.610147e+003,6.326630e-001
3.612075e+003,6.218625e-001
3.614004e+003,6.149182e-001
3.615932e+003,6.071596e-001
3.617861e+003,5.934173e-001
3.619789e+003,5.913483e-001
3.621718e+003,5.941969e-001
3.623646e+003,5.905902e-001
3.625575e+003,5.789275e-001
3.627503e+003,5.565839e-001
3.629432e+003,5.547367e-001
3.631360e+003,5.620221e-001
3.633289e+003,5.562688e-001
3.635217e+003,5.525557e-001
3.637146e+003,5.475540e-001
3.639074e+003,5.449852e-001
3.641003e+003,5.414596e-001
3.642931e+003,5.380790e-001
3.644860e+003,5.269729e-001
3.646788e+003,5.058577e-001
3.648717e+003,4.880531e-001
3.650645e+003,4.992920e-001
3.652573e+003,5.123463e-001
3.654502e+003,5.036418e-001
3.656431e+003,4.995892e-001
3.658359e+003,5.043856e-001
3.660288e+003,5.043154e-001
3.662216e+003,5.031998e-001
3.664145e+003,5.013131e-001
3.666073e+003,4.969558e-001
3.668001e+003,4.821388e-001
3.669930e+003,4.763641e-001
3.671858e+003,4.834284e-001
3.673787e+003,4.631084e-001
3.675716e+003,4.545955e-001
3.677644e+003,4.716037e-001
3.679573e+003,4.779204e-001
3.681501e+003,4.831944e-001
3.683429e+003,4.830469e-001
3.685358e+003,4.776838e-001
3.687286e+003,4.608898e-001
3.689215e+003,4.515496e-001
3.691144e+003,4.615696e-001
3.693072e+003,4.727084e-001
3.695000e+003,4.736407e-001
3.696929e+003,4.739290e-001
3.698857e+003,4.704021e-001
3.700786e+003,4.640159e-001
3.702714e+003,4.685806e-001
3.704643e+003,4.727918e-001
3.706572e+003,4.689166e-001
3.708500e+003,4.573036e-001
3.710428e+003,4.440417e-001
3.712357e+003,4.525524e-001
3.714285e+003,4.653797e-001
3.716214e+003,4.667981e-001
3.718142e+003,4.640514e-001
3.720071e+003,4.607069e-001
3.722000e+003,4.576508e-001
3.723928e+003,4.582194e-001
3.725856e+003,4.591948e-001
3.727785e+003,4.661268e-001
3.729713e+003,4.615940e-001
3.731642e+003,4.498188e-001
3.733570e+003,4.395929e-001
3.735499e+003,4.388376e-001
3.737427e+003,4.530799e-001
3.739356e+003,4.581868e-001
3.741284e+003,4.555368e-001
3.743213e+003,4.421027e-001
3.745141e+003,4.474412e-001
3.747070e+003,4.465065e-001
3.748998e+003,4.307069e-001
3.750927e+003,4.268517e-001
3.752855e+003,4.445993e-001
3.754784e+003,4.518599e-001
3.756712e+003,4.481131e-001
3.758641e+003,4.443328e-001
3.760569e+003,4.516146e-001
3.762498e+003,4.561048e-001
3.764426e+003,4.501250e-001
3.766355e+003,4.502617e-001
3.768283e+003,4.450349e-001
3.770212e+003,4.478198e-001
3.772140e+003,4.560310e-001
3.774069e+003,4.577256e-001
3.775997e+003,4.558517e-001
3.777926e+003,4.487581e-001
3.779854e+003,4.510420e-001
3.781783e+003,4.552344e-001
3.783711e+003,4.515788e-001
3.785640e+003,4.536887e-001
3.787568e+003,4.561768e-001
3.789497e+003,4.565838e-001
3.791425e+003,4.569932e-001
3.793354e+003,4.548780e-001
3.795282e+003,4.470120e-001
3.797211e+003,4.478940e-001
3.799139e+003,4.405137e-001
3.801068e+003,4.286278e-001
3.802996e+003,4.426451e-001
3.804925e+003,4.403286e-001
3.806853e+003,4.388276e-001
3.808782e+003,4.509623e-001
3.810710e+003,4.550541e-001
3.812639e+003,4.538065e-001
3.814567e+003,4.414326e-001
3.816496e+003,4.430609e-001
3.818424e+003,4.401058e-001
3.820353e+003,4.259477e-001
3.822281e+003,4.427428e-001
3.824210e+003,4.490221e-001
3.826138e+003,4.489549e-001
3.828067e+003,4.544764e-001
3.829995e+003,4.528900e-001
3.831924e+003,4.534096e-001
3.833852e+003,4.528591e-001
3.835781e+003,4.465912e-001
3.837709e+003,4.417341e-001
3.839638e+003,4.489316e-001
3.841566e+003,4.581217e-001
3.843495e+003,4.675153e-001
3.845423e+003,4.798773e-001
3.847352e+003,4.843211e-001
3.849280e+003,4.804493e-001
3.851209e+003,4.622296e-001
3.853137e+003,4.507832e-001
3.855066e+003,4.792359e-001
3.856994e+003,4.905306e-001
3.858923e+003,4.934586e-001
3.860851e+003,4.888268e-001
3.862780e+003,4.839368e-001
3.864708e+003,4.875043e-001
3.866637e+003,4.929340e-001
3.868565e+003,4.809945e-001
3.870494e+003,4.871732e-001
3.872422e+003,4.913772e-001
3.874351e+003,4.967663e-001
3.876279e+003,5.052239e-001
3.878208e+003,4.994835e-001
3.880136e+003,4.955072e-001
3.882065e+003,5.016568e-001
3.883993e+003,4.968272e-001
3.885922e+003,5.010045e-001
3.887850e+003,5.067430e-001
3.889779e+003,5.000313e-001
3.891707e+003,5.020637e-001
3.893636e+003,5.124833e-001
3.895564e+003,5.155562e-001
3.897493e+003,5.108184e-001
3.899421e+003,5.071405e-001
3.901350e+003,5.067244e-001
3.903278e+003,5.062799e-001
3.905207e+003,5.169073e-001
3.907135e+003,5.265697e-001
3.909064e+003,5.312408e-001
3.910992e+003,5.336730e-001
3.912921e+003,5.348781e-001
3.914849e+003,5.314133e-001
3.916778e+003,5.292329e-001
3.918706e+003,5.305427e-001
3.920635e+003,5.333742e-001
3.922563e+003,5.326875e-001
3.924492e+003,5.333299e-001
3.926420e+003,5.381008e-001
3.928349e+003,5.373069e-001
3.930277e+003,5.354926e-001
3.932206e+003,5.382699e-001
3.934134e+003,5.442838e-001
3.936063e+003,5.464850e-001
3.937991e+003,5.478240e-001
3.939920e+003,5.481872e-001
3.941848e+003,5.485978e-001
3.943777e+003,5.533578e-001
3.945705e+003,5.547328e-001
3.947634e+003,5.548148e-001
3.949562e+003,5.573353e-001
3.951490e+003,5.601432e-001
3.953419e+003,5.632566e-001
3.955348e+003,5.657405e-001
3.957276e+003,5.678896e-001
3.959205e+003,5.700634e-001
3.961133e+003,5.724202e-001
3.963062e+003,5.758079e-001
3.964990e+003,5.783705e-001
3.966918e+003,5.801197e-001
3.968847e+003,5.815721e-001
3.970776e+003,5.832919e-001
