7.019730e+002,9.823740e-001
7.039015e+002,9.790115e-001
7.058300e+002,9.770710e-001
7.077585e+002,9.764833e-001
7.096870e+002,9.744708e-001
7.116155e+002,9.755325e-001
7.135440e+002,9.736048e-001
7.154725e+002,9.742681e-001
7.174010e+002,9.740236e-001
7.193295e+002,9.799629e-001
7.212580e+002,9.835275e-001
7.231865e+002,9.882526e-001
7.251150e+002,9.976982e-001
7.270435e+002,1.007750e+000
7.289720e+002,1.015084e+000
7.309005e+002,1.029644e+000
7.328290e+002,1.046090e+000
7.347574e+002,1.061502e+000
7.366860e+002,1.072371e+000
7.386144e+002,1.085742e+000
7.405430e+002,1.099072e+000
7.424714e+002,1.111023e+000
7.444000e+002,1.119244e+000
7.463284e+002,1.127109e+000
7.482570e+002,1.125465e+000
7.501854e+002,1.119823e+000
7.521140e+002,1.107965e+000
7.540424e+002,1.095299e+000
7.559709e+002,1.074444e+000
7.578994e+002,1.052962e+000
7.598279e+002,1.031212e+000
7.617564e+002,1.007679e+000
7.636849e+002,9.784402e-001
7.656134e+002,9.518348e-001
7.675419e+002,9.260684e-001
7.694704e+002,9.031216e-001
7.713989e+002,8.812129e-001
7.733274e+002,8.626966e-001
7.752559e+002,8.437220e-001
7.771844e+002,8.283111e-001
7.791129e+002,8.145951e-001
7.810414e+002,8.061814e-001
7.829699e+002,7.938778e-001
7.848984e+002,7.762769e-001
7.868269e+002,7.510085e-001
7.887554e+002,7.277630e-001
7.906839e+002,7.041114e-001
7.926124e+002,6.843806e-001
7.945409e+002,6.662990e-001
7.964694e+002,6.501807e-001
7.983979e+002,6.339671e-001
8.003264e+002,6.203576e-001
8.022549e+002,6.071844e-001
8.041833e+002,5.951494e-001
8.061119e+002,5.821784e-001
8.080403e+002,5.704204e-001
8.099689e+002,5.589883e-001
8.118973e+002,5.488033e-001
8.138259e+002,5.392354e-001
8.157543e+002,5.282861e-001
8.176829e+002,5.165357e-001
8.196113e+002,5.053133e-001
8.215399e+002,4.950330e-001
8.234683e+002,4.865742e-001
8.253969e+002,4.805101e-001
8.273253e+002,4.769690e-001
8.292538e+002,4.770325e-001
8.311823e+002,4.829955e-001
8.331108e+002,4.984108e-001
8.350393e+002,5.183759e-001
8.369678e+002,5.228280e-001
8.388963e+002,5.031112e-001
8.408248e+002,4.735751e-001
8.427533e+002,4.487603e-001
8.446818e+002,4.297036e-001
8.466103e+002,4.165718e-001
8.485388e+002,4.059936e-001
8.504673e+002,3.998552e-001
8.523958e+002,3.960819e-001
8.543243e+002,3.951868e-001
8.562528e+002,3.952660e-001
8.581813e+002,3.976136e-001
8.601098e+002,3.986973e-001
8.620383e+002,3.981825e-001
8.639668e+002,3.950105e-001
8.658953e+002,3.921732e-001
8.678238e+002,3.911721e-001
8.697523e+002,3.932272e-001
8.716808e+002,3.982975e-001
8.736093e+002,4.073358e-001
8.755378e+002,4.206320e-001
8.774662e+002,4.400746e-001
8.793948e+002,4.685994e-001
8.813232e+002,5.080941e-001
8.832518e+002,5.649975e-001
8.851802e+002,6.439829e-001
8.871088e+002,7.339806e-001
8.890372e+002,8.018249e-001
8.909658e+002,8.178686e-001
8.928942e+002,8.011612e-001
8.948228e+002,7.934942e-001
8.967512e+002,7.830238e-001
8.986797e+002,7.190265e-001
9.006082e+002,6.239795e-001
9.025367e+002,5.428338e-001
9.044652e+002,4.860872e-001
9.063937e+002,4.495654e-001
9.083222e+002,4.288245e-001
9.102507e+002,4.179371e-001
9.121792e+002,4.148078e-001
9.141077e+002,4.165220e-001
9.160362e+002,4.209502e-001
9.179647e+002,4.239745e-001
9.198932e+002,4.243104e-001
9.218217e+002,4.234076e-001
9.237502e+002,4.224294e-001
9.256787e+002,4.205175e-001
9.276072e+002,4.183770e-001
9.295357e+002,4.157617e-001
9.314642e+002,4.140201e-001
9.333927e+002,4.134507e-001
9.353212e+002,4.155007e-001
9.372497e+002,4.194270e-001
9.391782e+002,4.254130e-001
9.411067e+002,4.333319e-001
9.430352e+002,4.424699e-001
9.449637e+002,4.517702e-001
9.468922e+002,4.611672e-001
9.488207e+002,4.684081e-001
9.507491e+002,4.730582e-001
9.526776e+002,4.761679e-001
9.546061e+002,4.802514e-001
9.565346e+002,4.872357e-001
9.584631e+002,4.988692e-001
9.603916e+002,5.155295e-001
9.623201e+002,5.376538e-001
9.642486e+002,5.647191e-001
9.661771e+002,5.983207e-001
9.681056e+002,6.391831e-001
9.700341e+002,6.885333e-001
9.719626e+002,7.404891e-001
9.738911e+002,7.814165e-001
9.758196e+002,7.938893e-001
9.777481e+002,7.864721e-001
9.796766e+002,7.874026e-001
9.816051e+002,8.118085e-001
9.835336e+002,8.579423e-001
9.854621e+002,9.234433e-001
9.873906e+002,9.973264e-001
9.893191e+002,1.063362e+000
9.912476e+002,1.098508e+000
9.931761e+002,1.108172e+000
9.951046e+002,1.112846e+000
9.970331e+002,1.118805e+000
9.989615e+002,1.104096e+000
1.000890e+003,1.059927e+000
1.002819e+003,1.002214e+000
1.004747e+003,9.592153e-001
1.006676e+003,9.358002e-001
1.008604e+003,9.324062e-001
1.010533e+003,9.404397e-001
1.012461e+003,9.559224e-001
1.014390e+003,9.741228e-001
1.016318e+003,9.935333e-001
1.018247e+003,1.002575e+000
1.020175e+003,1.000207e+000
1.022104e+003,9.981902e-001
1.024032e+003,1.015253e+000
1.025961e+003,1.048312e+000
1.027889e+003,1.084816e+000
1.029818e+003,1.097613e+000
1.031746e+003,1.089709e+000
1.033675e+003,1.077836e+000
1.035603e+003,1.084855e+000
1.037531e+003,1.108343e+000
1.039460e+003,1.140080e+000
1.041389e+003,1.170231e+000
1.043317e+003,1.200534e+000
1.045245e+003,1.215631e+000
1.047174e+003,1.222329e+000
1.049103e+003,1.224763e+000
1.051031e+003,1.225315e+000
1.052959e+003,1.221673e+000
1.054888e+003,1.220871e+000
1.056817e+003,1.213767e+000
1.058745e+003,1.201419e+000
1.060673e+003,1.190050e+000
1.062602e+003,1.202028e+000
1.064531e+003,1.225343e+000
1.066459e+003,1.251078e+000
1.068387e+003,1.269089e+000
1.070316e+003,1.272928e+000
1.072245e+003,1.255808e+000
1.074173e+003,1.238713e+000
1.076101e+003,1.223331e+000
1.078030e+003,1.206628e+000
1.079958e+003,1.182264e+000
1.081887e+003,1.173525e+000
1.083815e+003,1.195347e+000
1.085744e+003,1.249179e+000
1.087672e+003,1.301172e+000
1.089601e+003,1.338096e+000
1.091529e+003,1.368306e+000
1.093458e+003,1.395569e+000
1.095386e+003,1.399724e+000
1.097315e+003,1.397850e+000
1.099243e+003,1.390058e+000
1.101172e+003,1.382028e+000
1.103100e+003,1.378434e+000
1.105029e+003,1.396929e+000
1.106957e+003,1.427781e+000
1.108886e+003,1.469434e+000
1.110814e+003,1.468108e+000
1.112743e+003,1.424355e+000
1.114671e+003,1.360269e+000
1.116600e+003,1.310940e+000
1.118528e+003,1.280230e+000
1.120457e+003,1.275586e+000
1.122385e+003,1.283670e+000
1.124314e+003,1.297151e+000
1.126242e+003,1.312190e+000
1.128171e+003,1.343868e+000
1.130099e+003,1.376814e+000
1.132028e+003,1.396845e+000
1.133956e+003,1.370882e+000
1.135885e+003,1.312323e+000
1.137813e+003,1.250005e+000
1.139742e+003,1.210173e+000
1.141670e+003,1.190438e+000
1.143599e+003,1.187996e+000
1.145527e+003,1.184420e+000
1.147456e+003,1.174796e+000
1.149384e+003,1.160829e+000
1.151313e+003,1.166317e+000
1.153241e+003,1.182518e+000
1.155170e+003,1.188347e+000
1.157098e+003,1.183679e+000
1.159027e+003,1.196741e+000
1.160955e+003,1.228289e+000
1.162884e+003,1.267669e+000
1.164812e+003,1.291152e+000
1.166741e+003,1.316946e+000
1.168669e+003,1.343946e+000
1.170598e+003,1.356383e+000
1.172526e+003,1.326397e+000
1.174455e+003,1.256778e+000
1.176383e+003,1.166146e+000
1.178312e+003,1.084107e+000
1.180240e+003,1.015657e+000
1.182169e+003,9.702925e-001
1.184097e+003,9.495212e-001
1.186026e+003,9.585273e-001
1.187954e+003,9.946156e-001
1.189883e+003,1.039239e+000
1.191811e+003,1.052855e+000
1.193740e+003,1.035175e+000
1.195668e+003,1.018435e+000
1.197597e+003,1.021866e+000
1.199525e+003,1.039845e+000
1.201454e+003,1.067794e+000
1.203382e+003,1.092710e+000
1.205311e+003,1.098425e+000
1.207239e+003,1.074794e+000
1.209168e+003,1.056732e+000
1.211096e+003,1.049958e+000
1.213025e+003,1.044288e+000
1.214953e+003,1.035815e+000
1.216882e+003,1.026505e+000
1.218810e+003,1.005865e+000
1.220739e+003,9.816508e-001
1.222667e+003,9.578752e-001
1.224596e+003,9.304954e-001
1.226524e+003,8.892362e-001
1.228453e+003,8.444119e-001
1.230381e+003,8.043820e-001
1.232310e+003,7.735754e-001
1.234238e+003,7.507446e-001
1.236167e+003,7.383940e-001
1.238095e+003,7.348084e-001
1.240024e+003,7.400039e-001
1.241952e+003,7.539331e-001
1.243881e+003,7.804292e-001
1.245809e+003,8.186104e-001
1.247738e+003,8.695097e-001
1.249666e+003,9.191852e-001
1.251595e+003,9.540960e-001
1.253523e+003,9.723148e-001
1.255452e+003,9.900155e-001
1.257380e+003,1.015472e+000
1.259309e+003,1.048438e+000
1.261237e+003,1.069190e+000
1.263166e+003,1.076790e+000
1.265094e+003,1.085859e+000
1.267023e+003,1.104258e+000
1.268951e+003,1.100243e+000
1.270880e+003,1.061058e+000
1.272808e+003,1.011269e+000
1.274737e+003,9.832976e-001
1.276665e+003,9.788164e-001
1.278594e+003,9.989960e-001
1.280522e+003,1.033398e+000
1.282451e+003,1.071022e+000
1.284379e+003,1.095383e+000
1.286308e+003,1.103032e+000
1.288236e+003,1.083846e+000
1.290165e+003,1.043680e+000
1.292093e+003,9.939649e-001
1.294022e+003,9.557197e-001
1.295950e+003,9.388580e-001
1.297879e+003,9.504846e-001
1.299807e+003,9.717842e-001
1.301736e+003,9.837345e-001
1.303664e+003,9.866857e-001
1.305593e+003,1.010202e+000
1.307521e+003,1.061285e+000
1.309450e+003,1.112347e+000
1.311378e+003,1.095968e+000
1.313307e+003,1.026796e+000
1.315235e+003,9.734833e-001
1.317164e+003,9.672793e-001
1.319092e+003,9.961250e-001
1.321021e+003,1.025313e+000
1.322949e+003,1.015172e+000
1.324878e+003,9.943692e-001
1.326806e+003,9.878817e-001
1.328735e+003,1.002529e+000
1.330663e+003,1.026252e+000
1.332592e+003,1.054455e+000
1.334520e+003,1.082170e+000
1.336449e+003,1.115435e+000
1.338377e+003,1.137669e+000
1.340306e+003,1.145024e+000
1.342234e+003,1.128201e+000
1.344163e+003,1.100661e+000
1.346091e+003,1.067552e+000
1.348020e+003,1.043727e+000
1.349948e+003,1.033156e+000
1.351877e+003,1.043792e+000
1.353805e+003,1.066799e+000
1.355734e+003,1.099208e+000
1.357662e+003,1.125789e+000
1.359591e+003,1.153904e+000
1.361519e+003,1.166638e+000
1.363448e+003,1.149939e+000
1.365376e+003,1.102073e+000
1.367305e+003,1.046140e+000
1.369233e+003,9.913506e-001
1.371161e+003,9.543477e-001
1.373090e+003,9.273443e-001
1.375019e+003,9.250787e-001
1.376947e+003,9.340175e-001
1.378875e+003,9.427228e-001
1.380804e+003,9.430578e-001
1.382733e+003,9.327160e-001
1.384661e+003,9.113609e-001
1.386589e+003,8.895058e-001
1.388518e+003,8.780063e-001
1.390447e+003,8.762700e-001
1.392375e+003,8.731166e-001
1.394303e+003,8.810529e-001
1.396232e+003,9.061765e-001
1.398161e+003,9.289806e-001
1.400089e+003,9.577092e-001
1.402017e+003,9.883088e-001
1.403946e+003,1.017033e+000
1.405875e+003,1.055079e+000
1.407803e+003,1.073155e+000
1.409731e+003,1.073721e+000
1.411660e+003,1.065244e+000
1.413589e+003,1.064979e+000
1.415517e+003,1.064339e+000
1.417445e+003,1.062952e+000
1.419374e+003,1.079361e+000
1.421302e+003,1.114873e+000
1.423231e+003,1.138570e+000
1.425159e+003,1.175930e+000
1.427088e+003,1.194630e+000
1.429016e+003,1.205582e+000
1.430945e+003,1.201806e+000
1.432873e+003,1.191500e+000
1.434802e+003,1.160787e+000
1.436730e+003,1.125720e+000
1.438659e+003,1.098489e+000
1.440587e+003,1.075830e+000
1.442516e+003,1.045142e+000
1.444444e+003,1.022467e+000
1.446373e+003,9.978367e-001
1.448301e+003,9.907444e-001
1.450230e+003,1.001294e+000
1.452158e+003,1.028773e+000
1.454087e+003,1.044607e+000
1.456015e+003,1.023827e+000
1.457944e+003,9.296387e-001
1.459872e+003,8.770924e-001
1.461801e+003,8.359254e-001
1.463729e+003,7.984712e-001
1.465658e+003,7.806646e-001
1.467586e+003,7.808480e-001
1.469515e+003,7.753722e-001
1.471443e+003,7.666472e-001
1.473372e+003,7.841443e-001
1.475300e+003,8.121640e-001
1.477229e+003,8.460363e-001
1.479157e+003,8.779409e-001
1.481086e+003,9.088450e-001
1.483014e+003,9.456961e-001
1.484943e+003,9.689003e-001
1.486871e+003,9.822368e-001
1.488800e+003,9.824153e-001
1.490728e+003,9.800023e-001
1.492657e+003,9.702099e-001
1.494585e+003,9.388247e-001
1.496514e+003,8.876695e-001
1.498442e+003,8.478752e-001
1.500371e+003,8.127038e-001
1.502299e+003,7.785400e-001
1.504228e+003,7.358855e-001
1.506156e+003,6.717228e-001
1.508085e+003,6.409367e-001
1.510013e+003,6.355318e-001
1.511942e+003,6.142063e-001
1.513870e+003,5.904498e-001
1.515799e+003,5.570620e-001
1.517727e+003,5.385259e-001
1.519656e+003,5.190435e-001
1.521584e+003,4.954089e-001
1.523513e+003,4.928616e-001
1.525441e+003,4.830188e-001
1.527370e+003,4.731825e-001
1.529298e+003,4.676593e-001
1.531227e+003,4.527471e-001
1.533155e+003,4.304324e-001
1.535084e+003,4.285558e-001
1.537012e+003,4.145257e-001
1.538941e+003,3.783629e-001
1.540869e+003,3.655455e-001
1.542798e+003,3.749771e-001
1.544726e+003,3.793015e-001
1.546655e+003,3.854868e-001
1.548583e+003,3.771796e-001
1.550512e+003,3.711616e-001
1.552440e+003,3.644303e-001
1.554369e+003,3.518766e-001
1.556297e+003,3.375277e-001
1.558226e+003,2.993175e-001
1.560154e+003,3.285762e-001
1.562083e+003,3.411101e-001
1.564011e+003,3.354920e-001
1.565940e+003,3.331137e-001
1.567868e+003,3.230034e-001
1.569797e+003,3.153689e-001
1.571725e+003,3.231579e-001
1.573654e+003,3.140212e-001
1.575582e+003,2.977727e-001
1.577511e+003,3.041483e-001
1.579439e+003,3.100541e-001
1.581368e+003,3.086895e-001
1.583296e+003,3.075435e-001
1.585225e+003,3.060681e-001
1.587153e+003,3.044012e-001
1.589082e+003,3.008190e-001
1.591010e+003,2.977803e-001
1.592939e+003,2.931755e-001
1.594867e+003,2.899787e-001
1.596796e+003,2.886385e-001
1.598724e+003,2.867614e-001
1.600653e+003,2.825591e-001
1.602581e+003,2.797793e-001
1.604510e+003,2.786572e-001
1.606438e+003,2.758074e-001
1.608367e+003,2.721853e-001
1.610295e+003,2.720056e-001
1.612224e+003,2.721321e-001
1.614152e+003,2.644096e-001
1.616081e+003,2.519056e-001
1.618009e+003,2.643176e-001
1.619938e+003,2.695785e-001
1.621866e+003,2.619332e-001
1.623795e+003,2.633429e-001
1.625723e+003,2.696375e-001
1.627652e+003,2.684131e-001
1.629580e+003,2.754119e-001
1.631509e+003,2.755479e-001
1.633437e+003,2.640588e-001
1.635366e+003,2.456895e-001
1.637294e+003,2.590112e-001
1.639223e+003,2.649492e-001
1.641151e+003,2.644258e-001
1.643080e+003,2.570379e-001
1.645008e+003,2.391334e-001
1.646937e+003,2.239655e-001
1.648865e+003,2.389046e-001
1.650794e+003,2.291328e-001
1.652722e+003,2.014126e-001
1.654651e+003,2.288139e-001
1.656579e+003,2.400009e-001
1.658508e+003,2.393638e-001
1.660436e+003,2.324865e-001
1.662365e+003,2.235298e-001
1.664293e+003,2.310034e-001
1.666222e+003,2.276461e-001
1.668150e+003,2.124828e-001
1.670079e+003,2.071077e-001
1.672007e+003,2.150464e-001
1.673936e+003,2.085102e-001
1.675864e+003,2.117446e-001
1.677793e+003,2.147108e-001
1.679721e+003,2.091829e-001
1.681650e+003,1.989243e-001
1.683578e+003,1.774595e-001
1.685507e+003,1.997548e-001
1.687435e+003,2.064268e-001
1.689364e+003,2.061553e-001
1.691292e+003,2.114851e-001
1.693220e+003,2.063488e-001
1.695149e+003,1.921609e-001
1.697078e+003,1.927350e-001
1.699006e+003,1.845166e-001
1.700934e+003,1.989491e-001
1.702863e+003,2.071856e-001
1.704792e+003,2.010418e-001
1.706720e+003,2.111612e-001
1.708648e+003,2.197735e-001
1.710577e+003,2.255946e-001
1.712505e+003,2.265347e-001
1.714434e+003,2.222542e-001
1.716362e+003,2.172593e-001
1.718291e+003,2.284840e-001
1.720219e+003,2.403260e-001
1.722148e+003,2.335610e-001
1.724076e+003,2.286142e-001
1.726005e+003,2.283466e-001
1.727933e+003,2.246289e-001
1.729862e+003,2.206326e-001
1.731790e+003,2.137833e-001
1.733719e+003,2.050032e-001
1.735647e+003,2.270193e-001
1.737576e+003,2.277384e-001
1.739504e+003,2.233830e-001
1.741433e+003,2.200046e-001
1.743361e+003,2.095266e-001
1.745290e+003,2.011276e-001
1.747218e+003,1.883046e-001
1.749147e+003,1.794780e-001
1.751075e+003,1.801381e-001
1.753004e+003,1.873865e-001
1.754932e+003,1.821733e-001
1.756861e+003,1.779127e-001
1.758789e+003,1.788008e-001
1.760718e+003,1.728784e-001
1.762646e+003,1.763739e-001
1.764575e+003,1.822878e-001
1.766503e+003,1.790753e-001
1.768432e+003,1.782062e-001
1.770360e+003,1.693877e-001
1.772289e+003,1.650364e-001
1.774217e+003,1.768019e-001
1.776146e+003,1.802845e-001
1.778074e+003,1.779519e-001
1.780003e+003,1.709156e-001
1.781931e+003,1.699944e-001
1.783860e+003,1.662311e-001
1.785788e+003,1.642234e-001
1.787717e+003,1.620587e-001
1.789645e+003,1.524974e-001
1.791574e+003,1.414784e-001
1.793502e+003,1.462073e-001
1.795431e+003,1.482832e-001
1.797359e+003,1.454875e-001
1.799288e+003,1.398411e-001
1.801216e+003,1.388463e-001
1.803145e+003,1.418894e-001
1.805073e+003,1.417166e-001
1.807002e+003,1.393405e-001
1.808930e+003,1.350006e-001
1.810859e+003,1.327137e-001
1.812787e+003,1.358455e-001
1.814716e+003,1.367900e-001
1.816644e+003,1.358093e-001
1.818573e+003,1.368507e-001
1.820501e+003,1.380789e-001
1.822430e+003,1.366916e-001
1.824358e+003,1.330430e-001
1.826287e+003,1.365350e-001
1.828215e+003,1.310535e-001
1.830144e+003,1.300357e-001
1.832072e+003,1.377307e-001
1.834001e+003,1.376727e-001
1.835929e+003,1.354502e-001
1.837858e+003,1.345103e-001
1.839786e+003,1.352388e-001
1.841715e+003,1.295215e-001
1.843643e+003,1.226019e-001
1.845572e+003,1.276371e-001
1.847500e+003,1.296389e-001
1.849429e+003,1.307861e-001
1.851357e+003,1.305454e-001
1.853286e+003,1.294698e-001
1.855214e+003,1.287823e-001
1.857143e+003,1.277389e-001
1.859071e+003,1.274766e-001
1.861000e+003,1.281427e-001
1.862928e+003,1.289195e-001
1.864857e+003,1.268697e-001
1.866785e+003,1.195457e-001
1.868714e+003,1.172418e-001
1.870642e+003,1.260416e-001
1.872571e+003,1.292436e-001
1.874499e+003,1.289463e-001
1.876428e+003,1.278061e-001
1.878356e+003,1.264508e-001
1.880285e+003,1.252431e-001
1.882213e+003,1.236297e-001
1.884142e+003,1.218101e-001
1.886070e+003,1.210340e-001
1.887999e+003,1.171272e-001
1.889927e+003,1.170871e-001
1.891856e+003,1.210196e-001
1.893784e+003,1.201072e-001
1.895713e+003,1.215647e-001
1.897641e+003,1.243990e-001
1.899570e+003,1.260961e-001
1.901498e+003,1.271098e-001
1.903427e+003,1.281882e-001
1.905355e+003,1.291193e-001
1.907284e+003,1.289283e-001
1.909212e+003,1.290597e-001
1.911141e+003,1.323897e-001
1.913069e+003,1.353251e-001
1.914998e+003,1.363537e-001
1.916926e+003,1.349468e-001
1.918855e+003,1.406094e-001
1.920783e+003,1.433456e-001
1.922712e+003,1.428779e-001
1.924640e+003,1.459565e-001
1.926569e+003,1.457343e-001
1.928497e+003,1.441832e-001
1.930426e+003,1.428948e-001
1.932354e+003,1.424161e-001
1.934283e+003,1.431251e-001
1.936211e+003,1.446710e-001
1.938140e+003,1.473435e-001
1.940068e+003,1.484082e-001
1.941997e+003,1.493512e-001
1.943925e+003,1.566813e-001
1.945854e+003,1.627280e-001
1.947782e+003,1.679791e-001
1.949711e+003,1.716127e-001
1.951639e+003,1.741681e-001
1.953568e+003,1.749215e-001
1.955496e+003,1.756097e-001
1.957425e+003,1.762667e-001
1.959353e+003,1.771269e-001
1.961282e+003,1.783792e-001
1.963210e+003,1.799413e-001
1.965139e+003,1.794716e-001
1.967067e+003,1.787238e-001
1.968996e+003,1.801846e-001
1.970924e+003,1.798255e-001
1.972853e+003,1.796251e-001
1.974781e+003,1.802876e-001
1.976710e+003,1.831825e-001
1.978638e+003,1.876934e-001
1.980567e+003,1.938121e-001
1.982495e+003,2.003183e-001
1.984424e+003,2.053006e-001
1.986352e+003,2.064654e-001
1.988281e+003,2.046040e-001
1.990209e+003,2.005083e-001
1.992138e+003,1.970193e-001
1.994066e+003,1.972314e-001
1.995995e+003,1.958291e-001
1.997923e+003,1.951467e-001
1.999852e+003,1.958974e-001
2.001780e+003,1.982095e-001
2.003708e+003,2.016386e-001
2.005637e+003,2.059327e-001
2.007566e+003,2.111864e-001
2.009494e+003,2.167331e-001
2.011422e+003,2.221027e-001
2.013351e+003,2.256799e-001
2.015280e+003,2.275591e-001
2.017208e+003,2.298114e-001
2.019136e+003,2.336999e-001
2.021065e+003,2.371641e-001
2.022994e+003,2.410910e-001
2.024922e+003,2.461371e-001
2.026850e+003,2.507734e-001
2.028779e+003,2.553800e-001
2.030708e+003,2.583601e-001
2.032636e+003,2.606511e-001
2.034564e+003,2.620371e-001
2.036493e+003,2.633552e-001
2.038422e+003,2.643145e-001
2.040350e+003,2.645244e-001
2.042278e+003,2.659173e-001
2.044207e+003,2.674843e-001
2.046135e+003,2.698924e-001
2.048064e+003,2.729421e-001
2.049992e+003,2.769437e-001
2.051921e+003,2.799259e-001
2.053849e+003,2.824188e-001
2.055778e+003,2.841825e-001
2.057707e+003,2.856046e-001
2.059635e+003,2.874922e-001
2.061563e+003,2.892010e-001
2.063492e+003,2.907784e-001
2.065420e+003,2.912640e-001
2.067349e+003,2.914179e-001
2.069277e+003,2.890924e-001
2.071206e+003,2.861450e-001
2.073135e+003,2.831790e-001
2.075063e+003,2.808843e-001
2.076991e+003,2.795935e-001
2.078920e+003,2.783907e-001
2.080848e+003,2.783692e-001
2.082777e+003,2.782910e-001
2.084705e+003,2.794758e-001
2.086634e+003,2.812587e-001
2.088563e+003,2.840856e-001
2.090491e+003,2.880455e-001
2.092419e+003,2.924744e-001
2.094348e+003,2.971808e-001
2.096276e+003,3.007002e-001
2.098205e+003,3.044473e-001
2.100133e+003,3.066356e-001
2.102062e+003,3.083047e-001
2.103990e+003,3.083185e-001
2.105919e+003,3.080588e-001
2.107847e+003,3.084792e-001
2.109776e+003,3.094006e-001
2.111704e+003,3.119931e-001
2.113633e+003,3.140862e-001
2.115561e+003,3.172950e-001
2.117490e+003,3.195105e-001
2.119418e+003,3.213258e-001
2.121347e+003,3.215103e-001
2.123275e+003,3.201627e-001
2.125204e+003,3.188499e-001
2.127132e+003,3.176349e-001
2.129061e+003,3.189383e-001
2.130989e+003,3.210338e-001
2.132918e+003,3.255454e-001
2.134846e+003,3.302297e-001
2.136775e+003,3.351561e-001
2.138703e+003,3.389751e-001
2.140632e+003,3.400461e-001
2.142560e+003,3.387923e-001
2.144489e+003,3.338295e-001
2.146417e+003,3.283080e-001
2.148346e+003,3.210621e-001
2.150274e+003,3.149755e-001
2.152203e+003,3.097342e-001
2.154131e+003,3.059642e-001
2.156060e+003,3.036908e-001
2.157988e+003,3.016894e-001
2.159917e+003,3.011482e-001
2.161845e+003,2.992759e-001
2.163774e+003,2.987331e-001
2.165702e+003,2.973792e-001
2.167631e+003,2.968242e-001
2.169559e+003,2.962425e-001
2.171488e+003,2.957835e-001
2.173416e+003,2.968322e-001
2.175345e+003,2.974163e-001
2.177273e+003,3.000753e-001
2.179202e+003,3.020038e-001
2.181130e+003,3.059165e-001
2.183059e+003,3.094223e-001
2.184987e+003,3.126113e-001
2.186916e+003,3.154237e-001
2.188844e+003,3.162515e-001
2.190773e+003,3.173972e-001
2.192701e+003,3.167402e-001
2.194630e+003,3.177156e-001
2.196558e+003,3.176893e-001
2.198487e+003,3.190186e-001
2.200415e+003,3.203557e-001
2.202344e+003,3.210163e-001
2.204272e+003,3.217844e-001
2.206201e+003,3.205890e-001
2.208129e+003,3.203135e-001
2.210058e+003,3.176291e-001
2.211986e+003,3.161513e-001
2.213915e+003,3.142350e-001
2.215843e+003,3.138494e-001
2.217772e+003,3.154344e-001
2.219700e+003,3.177620e-001
2.221629e+003,3.230056e-001
2.223557e+003,3.271120e-001
2.225486e+003,3.331525e-001
2.227414e+003,3.373569e-001
2.229343e+003,3.414683e-001
2.231271e+003,3.437326e-001
2.233200e+003,3.441758e-001
2.235128e+003,3.442514e-001
2.237057e+003,3.417280e-001
2.238985e+003,3.409875e-001
2.240914e+003,3.383610e-001
2.242842e+003,3.368673e-001
2.244771e+003,3.340256e-001
2.246699e+003,3.311777e-001
2.248628e+003,3.295646e-001
2.250556e+003,3.276630e-001
2.252485e+003,3.286248e-001
2.254413e+003,3.285569e-001
2.256342e+003,3.310571e-001
2.258270e+003,3.321503e-001
2.260199e+003,3.338940e-001
2.262127e+003,3.348527e-001
2.264056e+003,3.341590e-001
2.265984e+003,3.340406e-001
2.267913e+003,3.314995e-001
2.269841e+003,3.317975e-001
2.271770e+003,3.311593e-001
2.273698e+003,3.325917e-001
2.275627e+003,3.342031e-001
2.277555e+003,3.357992e-001
2.279484e+003,3.384955e-001
2.281412e+003,3.392555e-001
2.283341e+003,3.415685e-001
2.285269e+003,3.413125e-001
2.287198e+003,3.422109e-001
2.289126e+003,3.415563e-001
2.291055e+003,3.412984e-001
2.292983e+003,3.415605e-001
2.294912e+003,3.404207e-001
2.296840e+003,3.409510e-001
2.298769e+003,3.394538e-001
2.300697e+003,3.404178e-001
2.302625e+003,3.409424e-001
2.304554e+003,3.430677e-001
2.306483e+003,3.458803e-001
2.308411e+003,3.483246e-001
2.310340e+003,3.525950e-001
2.312268e+003,3.549184e-001
2.314197e+003,3.593387e-001
2.316125e+003,3.621150e-001
2.318053e+003,3.658077e-001
2.319982e+003,3.690038e-001
2.321911e+003,3.715388e-001
2.323839e+003,3.749076e-001
2.325768e+003,3.755723e-001
2.327696e+003,3.764910e-001
2.329625e+003,3.747534e-001
2.331553e+003,3.742553e-001
2.333481e+003,3.731027e-001
2.335410e+003,3.707652e-001
2.337339e+003,3.687978e-001
2.339267e+003,3.652385e-001
2.341196e+003,3.640255e-001
2.343124e+003,3.620909e-001
2.345052e+003,3.656388e-001
2.346981e+003,3.725560e-001
2.348909e+003,3.767014e-001
2.350838e+003,3.741201e-001
2.352767e+003,3.681651e-001
2.354695e+003,3.646529e-001
2.356624e+003,3.604366e-001
2.358552e+003,3.586439e-001
2.360480e+003,3.571932e-001
2.362409e+003,3.573452e-001
2.364337e+003,3.586933e-001
2.366266e+003,3.607885e-001
2.368195e+003,3.654634e-001
2.370123e+003,3.691852e-001
2.372052e+003,3.757183e-001
2.373980e+003,3.809253e-001
2.375908e+003,3.874163e-001
2.377837e+003,3.935866e-001
2.379765e+003,3.988768e-001
2.381694e+003,4.042672e-001
2.383623e+003,4.070526e-001
2.385551e+003,4.107843e-001
2.387479e+003,4.127310e-001
2.389408e+003,4.161188e-001
2.391336e+003,4.199839e-001
2.393265e+003,4.236300e-001
2.395193e+003,4.288855e-001
2.397122e+003,4.325680e-001
2.399051e+003,4.383831e-001
2.400979e+003,4.425157e-001
2.402907e+003,4.474659e-001
2.404836e+003,4.520950e-001
2.406764e+003,4.567961e-001
2.408693e+003,4.627737e-001
2.410621e+003,4.671715e-001
2.412550e+003,4.727824e-001
2.414479e+003,4.758807e-001
2.416407e+003,4.783382e-001
2.418335e+003,4.786476e-001
2.420264e+003,4.777176e-001
2.422192e+003,4.775378e-001
2.424121e+003,4.758458e-001
2.426049e+003,4.759408e-001
2.427978e+003,4.748338e-001
2.429906e+003,4.755059e-001
2.431835e+003,4.757995e-001
2.433763e+003,4.766204e-001
2.435692e+003,4.789787e-001
2.437620e+003,4.811729e-001
2.439549e+003,4.860119e-001
2.441477e+003,4.899426e-001
2.443406e+003,4.953609e-001
2.445334e+003,5.005955e-001
2.447263e+003,5.058081e-001
2.449191e+003,5.117542e-001
2.451120e+003,5.166039e-001
2.453048e+003,5.231671e-001
2.454977e+003,5.282887e-001
2.456905e+003,5.343696e-001
2.458834e+003,5.399213e-001
2.460762e+003,5.456412e-001
2.462691e+003,5.515767e-001
2.464619e+003,5.563585e-001
2.466548e+003,5.622858e-001
2.468476e+003,5.654835e-001
2.470405e+003,5.681071e-001
2.472333e+003,5.685992e-001
2.474262e+003,5.680703e-001
2.476190e+003,5.671781e-001
2.478119e+003,5.647250e-001
2.480047e+003,5.640548e-001
2.481976e+003,5.619259e-001
2.483904e+003,5.613171e-001
2.485833e+003,5.612119e-001
2.487761e+003,5.626670e-001
2.489690e+003,5.656223e-001
2.491618e+003,5.679467e-001
2.493547e+003,5.717825e-001
2.495475e+003,5.739084e-001
2.497404e+003,5.756622e-001
2.499332e+003,5.762909e-001
2.501261e+003,5.758836e-001
2.503189e+003,5.750129e-001
2.505118e+003,5.725790e-001
2.507046e+003,5.715258e-001
2.508975e+003,5.696535e-001
2.510903e+003,5.698353e-001
2.512832e+003,5.705428e-001
2.514760e+003,5.725414e-001
2.516689e+003,5.761644e-001
2.518617e+003,5.791997e-001
2.520546e+003,5.832735e-001
2.522474e+003,5.858042e-001
2.524403e+003,5.881864e-001
2.526331e+003,5.890592e-001
2.528260e+003,5.892873e-001
2.530188e+003,5.899934e-001
2.532117e+003,5.887710e-001
2.534045e+003,5.881564e-001
2.535974e+003,5.858784e-001
2.537902e+003,5.847868e-001
2.539831e+003,5.835361e-001
2.541759e+003,5.818733e-001
2.543688e+003,5.807734e-001
2.545616e+003,5.792689e-001
2.547545e+003,5.789082e-001
2.549473e+003,5.769777e-001
2.551402e+003,5.753155e-001
2.553330e+003,5.735848e-001
2.555259e+003,5.716515e-001
2.557187e+003,5.711905e-001
2.559116e+003,5.701294e-001
2.561044e+003,5.713579e-001
2.562973e+003,5.724195e-001
2.564901e+003,5.751742e-001
2.566830e+003,5.790055e-001
2.568758e+003,5.831590e-001
2.570687e+003,5.884765e-001
2.572615e+003,5.929382e-001
2.574544e+003,5.983225e-001
2.576472e+003,6.029313e-001
2.578401e+003,6.080139e-001
2.580329e+003,6.133764e-001
2.582258e+003,6.183330e-001
2.584186e+003,6.236948e-001
2.586115e+003,6.269925e-001
2.588043e+003,6.306114e-001
2.589972e+003,6.320146e-001
2.591900e+003,6.332829e-001
2.593829e+003,6.359244e-001
2.595757e+003,6.394630e-001
2.597686e+003,6.454417e-001
2.599614e+003,6.523615e-001
2.601543e+003,6.615032e-001
2.603471e+003,6.702918e-001
2.605400e+003,6.787869e-001
2.607328e+003,6.867515e-001
2.609257e+003,6.929547e-001
2.611185e+003,6.995234e-001
2.613114e+003,7.034143e-001
2.615042e+003,7.068707e-001
2.616971e+003,7.092635e-001
2.618899e+003,7.115346e-001
2.620828e+003,7.145193e-001
2.622756e+003,7.174973e-001
2.624685e+003,7.217668e-001
2.626613e+003,7.254615e-001
2.628542e+003,7.305678e-001
2.630470e+003,7.354432e-001
2.632399e+003,7.396606e-001
2.634327e+003,7.443760e-001
2.636256e+003,7.471119e-001
2.638184e+003,7.494447e-001
2.640113e+003,7.493137e-001
2.642041e+003,7.491996e-001
2.643969e+003,7.480518e-001
2.645898e+003,7.455874e-001
2.647827e+003,7.428955e-001
2.649755e+003,7.386901e-001
2.651684e+003,7.361302e-001
2.653612e+003,7.339278e-001
2.655541e+003,7.324174e-001
2.657469e+003,7.323643e-001
2.659397e+003,7.334493e-001
2.661326e+003,7.363344e-001
2.663255e+003,7.394647e-001
2.665183e+003,7.445204e-001
2.667112e+003,7.491387e-001
2.669040e+003,7.544821e-001
2.670969e+003,7.597979e-001
2.672897e+003,7.647163e-001
2.674825e+003,7.705835e-001
2.676754e+003,7.752333e-001
2.678683e+003,7.803960e-001
2.680611e+003,7.854971e-001
2.682540e+003,7.911211e-001
2.684468e+003,7.977227e-001
2.686396e+003,8.037686e-001
2.688325e+003,8.112625e-001
2.690253e+003,8.170717e-001
2.692182e+003,8.222200e-001
2.694111e+003,8.260621e-001
2.696039e+003,8.286047e-001
2.697968e+003,8.291065e-001
2.699896e+003,8.283272e-001
2.701824e+003,8.289772e-001
2.703753e+003,8.282905e-001
2.705681e+003,8.273539e-001
2.707610e+003,8.268239e-001
2.709539e+003,8.266239e-001
2.711467e+003,8.273594e-001
2.713396e+003,8.272108e-001
2.715324e+003,8.282954e-001
2.717252e+003,8.295026e-001
2.719181e+003,8.316807e-001
2.721109e+003,8.333753e-001
2.723038e+003,8.345628e-001
2.724967e+003,8.375106e-001
2.726895e+003,8.405240e-001
2.728823e+003,8.443893e-001
2.730752e+003,8.480459e-001
2.732680e+003,8.513827e-001
2.734609e+003,8.548602e-001
2.736537e+003,8.565303e-001
2.738466e+003,8.581256e-001
2.740395e+003,8.587953e-001
2.742323e+003,8.612949e-001
2.744251e+003,8.634869e-001
2.746180e+003,8.651802e-001
2.748108e+003,8.672086e-001
2.750037e+003,8.693282e-001
2.751965e+003,8.733096e-001
2.753894e+003,8.778501e-001
2.755823e+003,8.823066e-001
2.757751e+003,8.866030e-001
2.759679e+003,8.900123e-001
2.761608e+003,8.937651e-001
2.763536e+003,8.966379e-001
2.765465e+003,8.995286e-001
2.767393e+003,8.993447e-001
2.769322e+003,9.001515e-001
2.771250e+003,9.010029e-001
2.773179e+003,9.000442e-001
2.775107e+003,8.990169e-001
2.777036e+003,8.969623e-001
2.778964e+003,8.954840e-001
2.780893e+003,8.950805e-001
2.782821e+003,8.958138e-001
2.784750e+003,8.981653e-001
2.786678e+003,9.006966e-001
2.788607e+003,9.049019e-001
2.790535e+003,9.091901e-001
2.792464e+003,9.159628e-001
2.794392e+003,9.237636e-001
2.796321e+003,9.313450e-001
2.798249e+003,9.384813e-001
2.800178e+003,9.446073e-001
2.802106e+003,9.492732e-001
2.804035e+003,9.522464e-001
2.805963e+003,9.563970e-001
2.807892e+003,9.602315e-001
2.809820e+003,9.626471e-001
2.811749e+003,9.671963e-001
2.813677e+003,9.712316e-001
2.815606e+003,9.766039e-001
2.817534e+003,9.822710e-001
2.819463e+003,9.882158e-001
2.821391e+003,9.941985e-001
2.823320e+003,9.998408e-001
2.825248e+003,1.004833e+000
2.827177e+003,1.009732e+000
2.829105e+003,1.016127e+000
2.831034e+003,1.023036e+000
2.832962e+003,1.029876e+000
2.834891e+003,1.038669e+000
2.836819e+003,1.046498e+000
2.838748e+003,1.054049e+000
2.840676e+003,1.061415e+000
2.842605e+003,1.070767e+000
2.844533e+003,1.080386e+000
2.846462e+003,1.087093e+000
2.848390e+003,1.090048e+000
2.850319e+003,1.092610e+000
2.852247e+003,1.101485e+000
2.854176e+003,1.114636e+000
2.856104e+003,1.127550e+000
2.858033e+003,1.137663e+000
2.859961e+003,1.143180e+000
2.861890e+003,1.150839e+000
2.863818e+003,1.157774e+000
2.865747e+003,1.165311e+000
2.867675e+003,1.170013e+000
2.869604e+003,1.168988e+000
2.871532e+003,1.166550e+000
2.873461e+003,1.167349e+000
2.875389e+003,1.176262e+000
2.877318e+003,1.195675e+000
2.879246e+003,1.225207e+000
2.881175e+003,1.261991e+000
2.883103e+003,1.292779e+000
2.885032e+003,1.304770e+000
2.886960e+003,1.300984e+000
2.888889e+003,1.298218e+000
2.890817e+003,1.305278e+000
2.892746e+003,1.330587e+000
2.894674e+003,1.377126e+000
2.896603e+003,1.430032e+000
2.898531e+003,1.445686e+000
2.900460e+003,1.410641e+000
2.902388e+003,1.364987e+000
2.904317e+003,1.333643e+000
2.906245e+003,1.315711e+000
2.908174e+003,1.311067e+000
2.910102e+003,1.306499e+000
2.912031e+003,1.301714e+000
2.913959e+003,1.298505e+000
2.915888e+003,1.287472e+000
2.917816e+003,1.266866e+000
2.919745e+003,1.242818e+000
2.921673e+003,1.220330e+000
2.923602e+003,1.202748e+000
2.925530e+003,1.188432e+000
2.927459e+003,1.176160e+000
2.929387e+003,1.163909e+000
2.931316e+003,1.145442e+000
2.933244e+003,1.114870e+000
2.935173e+003,1.079552e+000
2.937101e+003,1.046928e+000
2.939030e+003,1.020944e+000
2.940958e+003,1.000125e+000
2.942887e+003,9.853798e-001
2.944815e+003,9.736751e-001
2.946744e+003,9.646803e-001
2.948672e+003,9.591467e-001
2.950601e+003,9.546422e-001
2.952529e+003,9.497875e-001
2.954458e+003,9.469146e-001
2.956386e+003,9.460974e-001
2.958315e+003,9.486519e-001
2.960243e+003,9.518516e-001
2.962172e+003,9.567592e-001
2.964100e+003,9.663022e-001
2.966029e+003,9.899489e-001
2.967957e+003,1.032172e+000
2.969885e+003,1.078671e+000
2.971814e+003,1.094337e+000
2.973743e+003,1.065138e+000
2.975671e+003,1.030280e+000
2.977600e+003,1.017601e+000
2.979528e+003,1.032820e+000
2.981457e+003,1.074297e+000
2.983385e+003,1.090105e+000
2.985313e+003,1.045790e+000
2.987242e+003,9.875001e-001
2.989171e+003,9.463494e-001
2.991099e+003,9.190144e-001
2.993028e+003,9.007385e-001
2.994956e+003,8.913876e-001
2.996885e+003,8.862783e-001
2.998813e+003,8.828962e-001
3.000741e+003,8.803626e-001
3.002670e+003,8.778452e-001
3.004599e+003,8.767858e-001
3.006527e+003,8.772054e-001
3.008456e+003,8.780884e-001
3.010384e+003,8.777744e-001
3.012313e+003,8.784860e-001
3.014241e+003,8.792167e-001
3.016169e+003,8.808840e-001
3.018098e+003,8.826733e-001
3.020027e+003,8.836689e-001
3.021955e+003,8.858737e-001
3.023884e+003,8.872446e-001
3.025812e+003,8.891833e-001
3.027740e+003,8.918270e-001
3.029669e+003,8.929863e-001
3.031597e+003,8.957654e-001
3.033526e+003,8.982570e-001
3.035455e+003,9.005851e-001
3.037383e+003,9.034501e-001
3.039312e+003,9.062194e-001
3.041240e+003,9.092028e-001
3.043168e+003,9.124931e-001
3.045097e+003,9.159875e-001
3.047025e+003,9.187423e-001
3.048954e+003,9.218624e-001
3.050883e+003,9.256345e-001
3.052811e+003,9.292984e-001
3.054740e+003,9.326600e-001
3.056668e+003,9.365258e-001
3.058596e+003,9.412733e-001
3.060525e+003,9.461366e-001
3.062453e+003,9.507126e-001
3.064382e+003,9.550333e-001
3.066311e+003,9.598635e-001
3.068239e+003,9.651288e-001
3.070167e+003,9.707210e-001
3.072096e+003,9.763672e-001
3.074024e+003,9.825221e-001
3.075953e+003,9.876266e-001
3.077881e+003,9.928539e-001
3.079810e+003,9.982724e-001
3.081739e+003,1.005146e+000
3.083667e+003,1.011512e+000
3.085595e+003,1.018068e+000
3.087524e+003,1.025801e+000
3.089452e+003,1.031760e+000
3.091381e+003,1.038311e+000
3.093309e+003,1.045833e+000
3.095238e+003,1.052780e+000
3.097167e+003,1.060156e+000
3.099095e+003,1.067226e+000
3.101023e+003,1.073713e+000
3.102952e+003,1.081502e+000
3.104880e+003,1.090961e+000
3.106809e+003,1.098931e+000
3.108737e+003,1.106608e+000
3.110666e+003,1.114915e+000
3.112594e+003,1.122628e+000
3.114523e+003,1.130325e+000
3.116451e+003,1.138270e+000
3.118380e+003,1.145534e+000
3.120308e+003,1.152920e+000
3.122237e+003,1.159779e+000
3.124165e+003,1.167908e+000
3.126094e+003,1.176906e+000
3.128022e+003,1.187345e+000
3.129951e+003,1.194868e+000
3.131879e+003,1.203332e+000
3.133808e+003,1.210872e+000
3.135736e+003,1.218833e+000
3.137665e+003,1.226503e+000
3.139593e+003,1.234965e+000
3.141522e+003,1.245933e+000
3.143450e+003,1.256588e+000
3.145379e+003,1.263981e+000
3.147307e+003,1.273224e+000
3.149236e+003,1.282966e+000
3.151164e+003,1.291369e+000
3.153093e+003,1.298983e+000
3.155021e+003,1.308623e+000
3.156950e+003,1.317396e+000
3.158878e+003,1.326899e+000
3.160807e+003,1.339067e+000
3.162735e+003,1.348705e+000
3.164664e+003,1.358821e+000
3.166592e+003,1.371114e+000
3.168521e+003,1.381242e+000
3.170449e+003,1.392089e+000
3.172378e+003,1.402446e+000
3.174306e+003,1.414425e+000
3.176235e+003,1.424994e+000
3.178163e+003,1.433998e+000
3.180092e+003,1.444722e+000
3.182020e+003,1.450496e+000
3.183949e+003,1.459364e+000
3.185877e+003,1.467808e+000
3.187806e+003,1.473301e+000
3.189734e+003,1.481572e+000
3.191663e+003,1.484573e+000
3.193591e+003,1.490869e+000
3.195520e+003,1.498431e+000
3.197448e+003,1.501670e+000
3.199377e+003,1.504479e+000
3.201305e+003,1.508807e+000
3.203234e+003,1.507709e+000
3.205162e+003,1.505168e+000
3.207091e+003,1.505476e+000
3.209019e+003,1.509624e+000
3.210948e+003,1.512065e+000
3.212876e+003,1.512540e+000
3.214805e+003,1.517584e+000
3.216733e+003,1.523206e+000
3.218662e+003,1.519040e+000
3.220590e+003,1.520025e+000
3.222519e+003,1.524067e+000
3.224447e+003,1.525200e+000
3.226376e+003,1.526607e+000
3.228304e+003,1.532984e+000
3.230233e+003,1.537445e+000
3.232161e+003,1.536077e+000
3.234090e+003,1.538740e+000
3.236018e+003,1.546187e+000
3.237947e+003,1.551054e+000
3.239875e+003,1.555507e+000
3.241804e+003,1.558295e+000
3.243732e+003,1.560428e+000
3.245661e+003,1.566027e+000
3.247589e+003,1.570856e+000
3.249518e+003,1.580505e+000
3.251446e+003,1.592675e+000
3.253375e+003,1.601000e+000
3.255303e+003,1.601353e+000
3.257232e+003,1.603808e+000
3.259160e+003,1.607133e+000
3.261089e+003,1.613192e+000
3.263017e+003,1.624238e+000
3.264946e+003,1.631331e+000
3.266874e+003,1.634529e+000
3.268803e+003,1.641262e+000
3.270731e+003,1.651287e+000
3.272660e+003,1.657363e+000
3.274588e+003,1.669988e+000
3.276517e+003,1.679900e+000
3.278445e+003,1.687482e+000
3.280374e+003,1.698426e+000
3.282302e+003,1.706445e+000
3.284231e+003,1.713433e+000
3.286159e+003,1.718622e+000
3.288088e+003,1.727977e+000
3.290016e+003,1.735221e+000
3.291945e+003,1.740714e+000
3.293873e+003,1.740636e+000
3.295802e+003,1.742760e+000
3.297730e+003,1.750463e+000
3.299659e+003,1.763467e+000
3.301587e+003,1.765762e+000
3.303516e+003,1.760485e+000
3.305444e+003,1.756945e+000
3.307373e+003,1.760167e+000
3.309301e+003,1.768201e+000
3.311229e+003,1.775280e+000
3.313158e+003,1.776550e+000
3.315087e+003,1.782474e+000
3.317015e+003,1.798550e+000
3.318944e+003,1.806464e+000
3.320872e+003,1.803031e+000
3.322801e+003,1.805606e+000
3.324729e+003,1.810654e+000
3.326657e+003,1.812952e+000
3.328586e+003,1.808035e+000
3.330515e+003,1.815184e+000
3.332443e+003,1.827305e+000
3.334372e+003,1.834977e+000
3.336300e+003,1.838137e+000
3.338229e+003,1.841410e+000
3.340157e+003,1.839127e+000
3.342085e+003,1.840012e+000
3.344014e+003,1.846798e+000
3.345943e+003,1.847689e+000
3.347871e+003,1.843442e+000
3.349800e+003,1.846318e+000
3.351728e+003,1.856047e+000
3.353656e+003,1.864029e+000
3.355585e+003,1.869956e+000
3.357513e+003,1.876503e+000
3.359442e+003,1.887941e+000
3.361371e+003,1.900807e+000
3.363299e+003,1.905262e+000
3.365228e+003,1.904049e+000
3.367156e+003,1.898708e+000
3.369084e+003,1.902157e+000
3.371013e+003,1.908263e+000
3.372941e+003,1.914139e+000
3.374870e+003,1.919834e+000
3.376799e+003,1.929759e+000
3.378727e+003,1.935790e+000
3.380656e+003,1.939542e+000
3.382584e+003,1.938114e+000
3.384512e+003,1.938435e+000
3.386441e+003,1.941562e+000
3.388369e+003,1.947411e+000
3.390298e+003,1.934581e+000
3.392227e+003,1.930592e+000
3.394155e+003,1.941511e+000
3.396083e+003,1.944606e+000
3.398012e+003,1.932821e+000
3.399940e+003,1.925645e+000
3.401869e+003,1.926062e+000
3.403797e+003,1.935749e+000
3.405726e+003,1.928845e+000
3.407655e+003,1.927889e+000
3.409583e+003,1.932707e+000
3.411511e+003,1.935783e+000
3.413440e+003,1.944135e+000
3.415368e+003,1.955269e+000
3.417297e+003,1.963097e+000
3.419225e+003,1.979227e+000
3.421154e+003,1.991025e+000
3.423082e+003,2.004572e+000
3.425011e+003,2.016853e+000
3.426939e+003,2.024369e+000
3.428868e+003,2.025803e+000
3.430796e+003,2.037667e+000
3.432725e+003,2.044157e+000
3.434653e+003,2.043595e+000
3.436582e+003,2.032051e+000
3.438510e+003,2.032113e+000
3.440439e+003,2.024668e+000
3.442367e+003,2.011585e+000
3.444296e+003,1.997213e+000
3.446224e+003,1.986562e+000
3.448153e+003,1.966876e+000
3.450081e+003,1.953818e+000
3.452010e+003,1.943437e+000
3.453938e+003,1.936332e+000
3.455867e+003,1.919363e+000
3.457795e+003,1.904010e+000
3.459724e+003,1.892525e+000
3.461652e+003,1.883132e+000
3.463581e+003,1.863133e+000
3.465509e+003,1.846895e+000
3.467438e+003,1.822736e+000
3.469366e+003,1.806647e+000
3.471295e+003,1.794691e+000
3.473223e+003,1.780257e+000
3.475152e+003,1.759090e+000
3.477080e+003,1.744046e+000
3.479009e+003,1.715929e+000
3.480937e+003,1.690385e+000
3.482866e+003,1.668268e+000
3.484794e+003,1.646878e+000
3.486723e+003,1.622052e+000
3.488651e+003,1.599407e+000
3.490580e+003,1.575562e+000
3.492508e+003,1.555330e+000
3.494437e+003,1.528662e+000
3.496365e+003,1.507989e+000
3.498294e+003,1.487669e+000
3.500222e+003,1.463287e+000
3.502151e+003,1.434499e+000
3.504079e+003,1.416581e+000
3.506008e+003,1.399216e+000
3.507936e+003,1.378648e+000
3.509865e+003,1.355772e+000
3.511793e+003,1.338643e+000
3.513722e+003,1.320574e+000
3.515650e+003,1.301141e+000
3.517579e+003,1.278883e+000
3.519507e+003,1.260323e+000
3.521436e+003,1.239303e+000
3.523364e+003,1.218907e+000
3.525293e+003,1.199160e+000
3.527221e+003,1.182284e+000
3.529150e+003,1.166756e+000
3.531078e+003,1.151485e+000
3.533007e+003,1.134521e+000
3.534935e+003,1.116311e+000
3.536864e+003,1.099032e+000
3.538792e+003,1.086144e+000
3.540721e+003,1.070025e+000
3.542649e+003,1.050999e+000
3.544578e+003,1.030958e+000
3.546506e+003,1.015852e+000
3.548435e+003,1.004726e+000
3.550363e+003,9.911494e-001
3.552292e+003,9.738023e-001
3.554220e+003,9.618664e-001
3.556149e+003,9.496190e-001
3.558077e+003,9.373688e-001
3.560006e+003,9.243776e-001
3.561934e+003,9.111263e-001
3.563863e+003,8.921512e-001
3.565791e+003,8.681486e-001
3.567720e+003,8.594413e-001
3.569648e+003,8.605772e-001
3.571577e+003,8.531852e-001
3.573505e+003,8.414289e-001
3.575434e+003,8.296856e-001
3.577362e+003,8.211238e-001
3.579291e+003,8.116155e-001
3.581219e+003,8.039119e-001
3.583148e+003,7.936537e-001
3.585076e+003,7.754784e-001
3.587005e+003,7.570122e-001
3.588933e+003,7.598184e-001
3.590862e+003,7.574874e-001
3.592790e+003,7.461205e-001
3.594719e+003,7.375070e-001
3.596647e+003,7.343373e-001
3.598576e+003,7.269410e-001
3.600504e+003,7.199562e-001
3.602433e+003,7.162645e-001
3.604361e+003,7.091572e-001
3.606290e+003,6.943735e-001
3.608218e+003,6.839990e-001
3.610147e+003,6.793546e-001
3.612075e+003,6.676328e-001
3.614004e+003,6.604263e-001
3.615932e+003,6.538631e-001
3.617861e+003,6.395187e-001
3.619789e+003,6.378499e-001
3.621718e+003,6.433230e-001
3.623646e+003,6.409007e-001
3.625575e+003,6.278058e-001
3.627503e+003,6.018795e-001
3.629432e+003,6.005707e-001
3.631360e+003,6.108391e-001
3.633289e+003,6.056453e-001
3.635217e+003,6.029945e-001
3.637146e+003,5.977893e-001
3.639074e+003,5.947391e-001
3.641003e+003,5.911394e-001
3.642931e+003,5.886443e-001
3.644860e+003,5.764499e-001
3.646788e+003,5.507481e-001
3.648717e+003,5.298582e-001
3.650645e+003,5.437829e-001
3.652573e+003,5.608767e-001
3.654502e+003,5.523889e-001
3.656431e+003,5.486065e-001
3.658359e+003,5.553747e-001
3.660288e+003,5.559949e-001
3.662216e+003,5.553793e-001
3.664145e+003,5.540417e-001
3.666073e+003,5.491075e-001
3.668001e+003,5.318820e-001
3.669930e+003,5.239779e-001
3.671858e+003,5.320268e-001
3.673787e+003,5.102025e-001
3.675716e+003,5.014965e-001
3.677644e+003,5.211230e-001
3.679573e+003,5.289117e-001
3.681501e+003,5.362385e-001
3.683429e+003,5.368022e-001
3.685358e+003,5.307825e-001
3.687286e+003,5.116442e-001
3.689215e+003,5.002304e-001
3.691144e+003,5.113434e-001
3.693072e+003,5.248148e-001
3.695000e+003,5.263793e-001
3.696929e+003,5.266020e-001
3.698857e+003,5.229276e-001
3.700786e+003,5.157128e-001
3.702714e+003,5.211744e-001
3.704643e+003,5.262655e-001
3.706572e+003,5.214102e-001
3.708500e+003,5.072163e-001
3.710428e+003,4.912388e-001
3.712357e+003,5.011132e-001
3.714285e+003,5.162920e-001
3.716214e+003,5.185188e-001
3.718142e+003,5.152784e-001
3.720071e+003,5.111356e-001
3.722000e+003,5.072972e-001
3.723928e+003,5.084987e-001
3.725856e+003,5.107296e-001
3.727785e+003,5.195161e-001
3.729713e+003,5.146411e-001
3.731642e+003,5.008399e-001
3.733570e+003,4.874517e-001
3.735499e+003,4.856826e-001
3.737427e+003,5.034598e-001
3.739356e+003,5.101269e-001
3.741284e+003,5.067130e-001
3.743213e+003,4.914899e-001
3.745141e+003,4.964921e-001
3.747070e+003,4.952990e-001
3.748998e+003,4.762238e-001
3.750927e+003,4.710751e-001
3.752855e+003,4.924737e-001
3.754784e+003,5.008927e-001
3.756712e+003,4.959838e-001
3.758641e+003,4.916482e-001
3.760569e+003,5.011052e-001
3.762498e+003,5.070893e-001
3.764426e+003,5.008277e-001
3.766355e+003,5.009733e-001
3.768283e+003,4.949959e-001
3.770212e+003,4.974498e-001
3.772140e+003,5.069439e-001
3.774069e+003,5.090427e-001
3.775997e+003,5.069455e-001
3.777926e+003,4.982283e-001
3.779854e+003,5.002400e-001
3.781783e+003,5.063602e-001
3.783711e+003,5.025684e-001
3.785640e+003,5.048927e-001
3.787568e+003,5.082650e-001
3.789497e+003,5.091411e-001
3.791425e+003,5.100166e-001
3.793354e+003,5.072460e-001
3.795282e+003,4.977429e-001
3.797211e+003,4.980730e-001
3.799139e+003,4.899048e-001
3.801068e+003,4.759876e-001
3.802996e+003,4.919582e-001
3.804925e+003,4.903772e-001
3.806853e+003,4.892336e-001
3.808782e+003,5.034186e-001
3.810710e+003,5.081329e-001
3.812639e+003,5.066345e-001
3.814567e+003,4.925660e-001
3.816496e+003,4.932511e-001
3.818424e+003,4.897473e-001
3.820353e+003,4.734424e-001
3.822281e+003,4.916424e-001
3.824210e+003,4.992495e-001
3.826138e+003,4.992700e-001
3.828067e+003,5.059608e-001
3.829995e+003,5.047572e-001
3.831924e+003,5.046684e-001
3.833852e+003,5.037000e-001
3.835781e+003,4.963822e-001
3.837709e+003,4.905861e-001
3.839638e+003,4.985670e-001
3.841566e+003,5.097796e-001
3.843495e+003,5.203343e-001
3.845423e+003,5.339257e-001
3.847352e+003,5.389982e-001
3.849280e+003,5.341618e-001
3.851209e+003,5.130513e-001
3.853137e+003,4.997984e-001
3.855066e+003,5.316105e-001
3.856994e+003,5.443115e-001
3.858923e+003,5.480241e-001
3.860851e+003,5.424088e-001
3.862780e+003,5.359910e-001
3.864708e+003,5.390609e-001
3.866637e+003,5.451705e-001
3.868565e+003,5.319449e-001
3.870494e+003,5.376984e-001
3.872422e+003,5.424914e-001
3.874351e+003,5.492434e-001
3.876279e+003,5.596305e-001
3.878208e+003,5.529183e-001
3.880136e+003,5.465755e-001
3.882065e+003,5.536273e-001
3.883993e+003,5.484736e-001
3.885922e+003,5.527803e-001
3.887850e+003,5.604177e-001
3.889779e+003,5.526614e-001
3.891707e+003,5.534829e-001
3.893636e+003,5.654760e-001
3.895564e+003,5.699466e-001
3.897493e+003,5.640017e-001
3.899421e+003,5.582162e-001
3.901350e+003,5.568709e-001
3.903278e+003,5.568781e-001
3.905207e+003,5.699847e-001
3.907135e+003,5.829168e-001
3.909064e+003,5.894555e-001
3.910992e+003,5.924972e-001
3.912921e+003,5.940484e-001
3.914849e+003,5.899177e-001
3.916778e+003,5.866682e-001
3.918706e+003,5.877112e-001
3.920635e+003,5.908201e-001
3.922563e+003,5.899041e-001
3.924492e+003,5.898451e-001
3.926420e+003,5.958534e-001
3.928349e+003,5.956800e-001
3.930277e+003,5.928851e-001
3.932206e+003,5.943393e-001
3.934134e+003,6.019753e-001
3.936063e+003,6.061733e-001
3.937991e+003,6.085973e-001
3.939920e+003,6.085770e-001
3.941848e+003,6.075635e-001
3.943777e+003,6.129933e-001
3.945705e+003,6.154714e-001
3.947634e+003,6.146113e-001
3.949562e+003,6.174069e-001
3.951490e+003,6.218787e-001
3.953419e+003,6.262060e-001
3.955348e+003,6.290294e-001
3.957276e+003,6.311750e-001
3.959205e+003,6.329148e-001
3.961133e+003,6.352944e-001
3.963062e+003,6.401181e-001
3.964990e+003,6.438323e-001
3.966918e+003,6.454877e-001
3.968847e+003,6.464959e-001
3.970776e+003,6.482136e-001
